uniprot_id,structure_length,fasta_length,start,end,original_resid,struct_resid,plddt_6,plddt_10,plddt_20
A0A087WZ30,1208,1208,1,1208,1008,1008,81.91,82.20647,71.11607,
A0A097BW12,183,183,1549,1731,1695,147,96.225,96.1625,96.22591,
A0A0E3GLN3,352,352,1,352,155,155,94.20889,93.245,91.02865,
A0A0F7R6G7,533,533,1,533,221,221,91.122,90.302,91.69928,
A0A0F7R6G7,533,533,1,533,533,221,90.224,88.4252,90.89709,
A0A0J9X1X4,214,214,1,214,214,55,84.31334,87.2975,91.51049,
A0A0P0ENF5,352,352,1,352,26,26,89.89,89.27781,89.9084,
A0A199VSS3,356,356,1,356,148,148,96.27125,94.27515,93.66663,
A0A1S2ZE25,166,166,1,166,12,12,87.764,87.37316,90.66294,
A0A1S2ZE25,188,188,1,188,188,12,88.84,89.378,91.4642,
A0A1X9WEN9,272,272,1,272,272,89,96.18875,95.80333,94.3424,
A0A1X9WEN9,272,272,1,272,216,181,93.37667,92.904,93.08484,
A0A494BZT8,834,834,1,834,834,426,31.17333,33.016,34.416,
A0A6L8P2U9,487,487,1,487,308,308,78.42875,78.3696,85.43275,
A0AVK6,867,867,1,867,867,444,53.97,51.08636,43.30185,
A0FGR8-1,818,818,104,921,181,78,42.89,47.35182,56.14647,
A0FGR8-1,818,818,104,921,810,707,90.15286,89.02846,78.39349,
A0FGR8-1,818,818,104,921,210,107,78.36875,79.52167,73.63431,
A0R607,460,460,1,460,386,386,92.21714,91.3035,91.02532,
A1E4A3,2188,2188,1,2188,1695,1695,20.71,22.71875,25.01819,
A1E4A3,2188,2188,1,2188,1695,1695,20.71,22.71875,25.01819,
A1E4A3,2188,2188,1,2188,1695,1695,20.71,22.71875,25.01819,
A1KZ92-1,1463,1463,1,1463,1463,718,38.88625,43.82895,53.26485,
A2RI36,116,116,1,116,89,89,87.80571,89.72842,91.19706,
A2RI36,116,116,1,116,116,89,89.45429,90.82211,91.53515,
A5U5L6,408,408,1,408,354,354,92.39111,94.02423,94.11584,
A6LE66,405,405,1,405,405,56,92.1625,90.0431,90.38551,
A6LE66,405,405,1,405,58,322,93.36,93.89222,91.95219,
A6NHR9-1,1982,1982,24,2005,1433,1410,24.5,26.50947,25.51311,
A6NHR9-1,1982,1982,24,2005,1461,1438,33.70182,31.56682,31.61667,
A6NHR9-1,1982,1982,24,2005,1917,1894,47.81,51.5925,43.23756,
A6NHR9-1,1982,1982,24,2005,1982,1959,23.10667,22.868,29.44,
A6NHR9-1,1982,1982,24,2005,1967,1944,23.105,23.36,34.24146,
A9XG43,183,183,1549,1731,1695,147,95.95375,95.66179,95.36283,
B0B9A0,401,377,25,401,345,345,89.0,87.57435,84.93353,
B1XMM6,454,454,1,454,262,262,92.70833,93.96963,95.72166,
B3ECE3,457,457,1,457,457,412,94.513,94.7675,92.26725,
B3ECE3,457,457,1,457,370,116,92.88889,93.05148,87.59192,
B8YLW0,183,183,1,183,147,147,95.9525,95.56607,95.21255,
B9A5C1,207,207,1,207,123,123,96.81125,95.89792,94.71264,
C8CIL7,645,645,1,645,147,147,91.57125,91.54393,89.79558,
D0VWY9,445,421,1,421,239,239,89.794,91.09037,93.22476,
D0VWY9,445,445,1,445,445,201,97.23833,96.07542,93.72162,
D2TS62,624,624,1,624,537,537,84.474,90.0332,92.06926,
D3RVD4,270,270,1,270,187,187,91.31333,91.95714,92.65571,
D3RVD4,270,270,1,270,190,190,91.46429,89.8875,92.34717,
D3RVD4,270,270,1,270,76,76,95.49143,95.83182,94.06459,
D3RVD4,270,270,1,270,79,79,94.72833,93.98762,93.18891,
E0WWC7,183,183,1549,1731,1695,147,95.97625,95.67857,95.39302,
E7E815,183,183,1,183,147,147,95.68,95.57786,95.1795,
E7EMW7,2792,2792,1,2792,2792,2088,26.15571,24.1024,23.80057,
E7EPN9,2819,2819,1,2819,2819,225,22.87667,24.9,25.01723,
E7EX90,1256,1256,1,1256,1256,871,73.38428,72.73368,78.17033,
E8MGH8,658,658,1,658,658,415,73.3125,79.83333,85.66229,
E8MGH8,658,658,1,658,418,340,90.76,90.97393,91.06627,
E8MGH8,658,658,1,658,278,566,96.8675,96.00518,92.6457,
E8MGH8,658,658,1,658,101,176,97.36778,97.01895,94.4922,
F8W9S7,1412,1412,1,1412,1412,720,22.61,23.316,25.15824,
G1T7U7,358,358,1,358,127,127,89.9075,89.36615,90.84574,
H0VCJ6,354,354,1,354,123,123,91.04625,90.83963,90.8367,
H0YBQ0,590,590,54,643,225,172,88.98,87.78056,89.26903,
H0YMP5,130,130,1,130,130,87,68.452,67.75737,65.33841,
H0YNL7,83,83,1,83,83,11,49.502,48.52429,57.39242,
H7C3M7,482,482,1,482,482,196,34.32333,35.282,37.88308,
I6Y9J2,408,408,1,408,354,354,92.39111,94.02423,94.11584,
J3QSY4,90,90,1,90,90,18,41.984,45.3875,68.08474,
K4L9I6,298,298,2998,3295,3141,144,90.67444,89.74967,90.26993,
K7ELG9,230,230,1,230,230,20,89.63286,89.825,75.29236,
M0R3B2,241,241,1,241,241,8,36.73,42.16,59.82839,
O00255-2,610,610,1,610,329,329,94.11111,95.04429,91.39,
O00255-2,610,610,1,610,421,421,87.99375,85.05545,81.92783,
O00425-1,579,579,1,579,194,194,62.6725,72.25,77.78151,
O00425-1,579,579,1,579,257,257,91.11429,90.07714,87.03933,
O00541-1,564,564,1,564,272,272,54.01429,61.133,71.97552,
O00541-1,564,564,1,564,38,38,84.86,85.24235,84.2305,
O00541-1,564,564,1,564,141,141,88.205,87.31071,80.41758,
O00571-1,662,662,1,662,468,468,90.26714,90.18478,84.91272,
O00571-1,662,662,1,662,228,228,71.036,73.62875,78.86348,
O14617-1,1153,1153,1,1153,574,574,86.88,86.86385,82.72859,
O14617-1,1153,1153,1,1153,348,348,84.39286,85.06,81.39673,
O14617-1,1153,1153,1,1153,39,39,84.39143,82.8785,77.45388,
O14727-1,1248,1248,1,1248,1248,675,92.3375,91.54833,88.65973,
O14733-1,419,419,1,419,202,202,91.47222,91.62571,87.83174,
O14733-2,462,462,1,462,245,245,92.63222,91.87727,86.96736,
O14744-1,637,637,1,637,449,449,86.26714,83.623,88.30468,
O14744-1,637,637,1,637,278,278,92.73143,92.94389,90.88554,
O14744-1,637,637,1,637,622,622,95.15667,95.45615,95.202,
O14744-1,637,637,1,637,518,518,94.962,95.97609,92.40868,
O14920-1,756,756,1,756,464,464,89.65286,90.07214,87.51612,
O14920-1,756,756,1,756,716,716,61.62,60.86461,65.69935,
O14920-1,756,756,1,756,99,99,91.17833,92.77,88.8083,
O14920-1,756,756,1,756,299,299,90.6175,91.89423,92.62407,
O14965,403,278,126,403,290,290,78.668,81.28369,86.20624,
O14965,403,278,126,403,247,247,95.0225,93.5572,89.99992,
O14980,1071,1071,1,1071,528,528,86.8525,87.7715,88.91293,
O14980,1071,1071,1,1071,199,199,78.1725,78.58188,81.25444,
O14980,1071,1071,1,1071,585,585,89.83,91.065,88.50951,
O15031,1838,1838,1,1838,1408,1408,49.51857,50.88526,49.21288,
O15031,1838,1838,1,1838,779,779,62.92111,61.60083,58.28092,
O15031,1838,1838,1,1838,615,615,56.332,52.14842,53.41417,
O15031,1838,1838,1,1838,637,637,43.31833,41.6075,46.96987,
O15031,1838,1838,1,1838,782,782,60.08889,61.04636,58.03243,
O15178-1,435,435,1,435,122,122,76.1575,78.71,82.69359,
O15247,247,247,1,247,247,30,93.71833,94.02957,92.44672,
O15294-1,1046,1046,1,1046,927,927,87.56286,87.7452,90.74316,
O15294-1,1046,1046,1,1046,590,590,96.78167,94.6656,89.91716,
O15294-1,1046,1046,1,1046,297,297,94.28444,94.09821,92.80101,
O15294-1,1046,1046,1,1046,417,417,95.319,94.36731,92.83583,
O15360-1,1455,1455,1,1455,1455,69,25.01667,24.52714,41.80306,
O15530-1,556,556,1,556,327,327,88.39444,90.95136,88.09019,
O15530-1,556,556,1,556,536,536,84.65889,85.34333,69.32604,
O15530-1,556,556,1,556,148,148,94.888,81.51619,83.87453,
O15530-1,556,556,1,556,556,166,93.53444,93.44417,90.20232,
O34340,413,413,1,413,413,164,91.81286,92.87871,95.03656,
O34340,413,413,1,413,375,159,96.01571,96.5468,96.11296,
O34816,164,164,1,164,139,139,95.76,95.90846,96.31935,
O43312-1,755,755,1,755,755,274,27.97333,28.822,33.53107,
O43318-1,606,606,1,606,174,174,94.912,94.70417,89.53436,
O43513,233,233,1,233,233,167,86.82143,87.76636,80.12583,
O53223,408,408,1,408,354,354,92.39111,94.02423,94.11584,
O53638,251,251,1,251,226,226,95.588,95.74,96.11926,
O60307,1247,1247,63,1309,541,479,63.46,70.87353,73.56724,
O60307,1247,1247,63,1309,363,301,85.362,84.06571,68.71542,
O60343-1,1267,1267,32,1298,74,43,25.42333,26.27667,34.046,
O60343-1,1267,1267,32,1298,93,62,46.526,42.62111,38.16493,
O60343-1,1267,1267,32,1298,753,722,26.2,26.496,27.30083,
O60343-1,1267,1267,32,1298,156,125,23.87667,24.34286,33.25234,
O60343-1,1267,1267,32,1298,453,422,46.38167,51.05375,58.69981,
O60343-1,1267,1267,32,1298,456,425,60.21,61.80813,65.77212,
O60343-1,1267,1267,32,1298,906,875,69.23,72.74188,66.27911,
O60343-1,1267,1267,32,1298,225,194,37.73571,37.56818,35.35893,
O60343-2,1204,1204,32,1235,677,646,24.45333,24.906,26.2885,
O60701-1,465,465,1,465,276,276,84.49,87.69947,92.13663,
O60701-1,465,465,1,465,288,288,95.73667,96.08722,93.38846,
O60831,178,178,1,178,28,28,77.565,77.39111,79.74485,
O60911,334,334,1,334,138,138,94.96429,94.61281,95.25167,
O60911,334,334,1,334,94,94,91.042,92.10593,94.64993,
O64527,166,166,1,166,96,96,92.8375,94.94941,96.43684,
O64527,166,166,1,166,166,96,94.75,96.30235,97.13306,
O70370,340,340,1,340,147,147,96.62429,94.01152,94.30983,
O75351,444,444,1,444,135,135,86.288,88.05357,90.29642,
O75351,444,444,1,444,444,135,84.998,86.34539,89.46926,
O75362,1048,1048,1,1048,772,772,28.17667,28.34167,31.13769,
O75362,1048,1048,1,1048,999,999,29.53667,30.104,30.45733,
O75362,1048,1048,1,1048,130,130,33.56,31.24429,31.48095,
O75362,1048,1048,1,1048,218,218,32.03667,31.69222,30.53458,
O75362,1048,1048,1,1048,221,221,30.56429,30.64,31.02885,
O75362,1048,1048,1,1048,420,420,33.28333,32.26,31.82167,
O75362,1048,1048,1,1048,351,351,26.34333,26.816,28.01,
O75362,1048,1048,1,1048,715,715,32.67333,33.676,32.60789,
O75362,1048,1048,1,1048,712,712,33.74333,33.92,32.68636,
O75362,1048,1048,1,1048,133,133,32.38,31.916,30.55556,
O75469-1,434,434,1,434,207,207,44.1525,45.21583,55.01864,
O75534-1,798,798,1,798,798,680,83.30429,81.48278,67.82485,
O75676-1,727,727,1,727,257,257,89.0775,89.24071,88.55663,
O75762,1119,1119,1,1119,621,621,62.656,60.62278,66.15836,
O76062-1,418,418,1,418,184,184,88.276,89.65286,90.16013,
O76290,268,268,1,268,168,168,86.8125,89.05692,89.06099,
O77093,165,165,1,165,56,56,96.96429,96.83857,95.05153,
O77404,144,144,1,144,144,40,96.64286,96.57,95.5374,
O91734,183,183,1540,1722,1686,147,96.82875,96.54429,96.30784,
O92972,570,570,2420,2989,2785,366,76.22,85.45214,86.1183,
O94609,1012,1012,1,1012,593,593,66.895,65.18938,76.81067,
O94760-1,285,285,1,285,285,274,92.88375,92.5413,91.9949,
O94760-1,285,285,1,285,178,222,97.17714,96.05077,93.68898,
O94760-1,285,285,1,285,275,84,93.015,93.95889,90.70096,
O94788-1,518,518,1,518,320,320,90.40667,93.08708,95.30377,
O94822-1,1766,1766,1,1766,1766,283,83.47889,82.7728,73.3562,
O95163,1332,1332,1,1332,1332,476,52.58667,54.11875,71.64718,
O95163,1332,1332,1,1332,1012,414,81.55778,79.61417,79.70784,
O95497,513,513,1,513,513,211,93.938,94.455,93.80133,
O95497,513,513,1,513,152,109,93.43875,93.94046,94.87965,
O95497,513,513,1,513,126,145,93.026,91.57062,88.64075,
O95497,513,513,1,513,363,362,96.1,94.4564,92.29791,
O95497,513,513,1,513,357,403,94.28125,93.5,93.272,
O95497,513,513,1,513,411,398,97.7175,96.91485,92.74815,
O95630-1,424,424,1,424,264,264,95.905,96.26762,93.55991,
O95630-1,424,424,1,424,286,286,95.169,94.6056,91.92556,
O95630-1,424,424,1,424,282,282,95.84,93.63929,91.91654,
O95630-1,424,424,1,424,390,390,86.74167,87.49538,88.25903,
O95807,157,157,1,157,157,87,60.06,67.41333,76.48966,
O95822-1,493,493,1,493,206,206,92.774,92.75,79.51432,
O95870-1,558,558,1,558,205,205,80.52375,81.92062,77.43424,
O95870-1,558,558,1,558,496,496,94.05625,94.1415,90.66722,
O95870-1,558,558,1,558,7,7,90.131,88.68192,90.68361,
O95870-1,558,558,1,558,258,258,84.5,88.73778,85.47304,
O95995-1,445,445,34,478,309,276,89.81429,89.90538,89.61615,
O96020-1,360,360,45,404,109,65,84.038,81.03733,66.13774,
P00183,415,415,1,415,86,86,89.79889,90.56037,91.45878,
P00183,415,415,1,415,137,137,97.68625,96.47524,95.53635,
P00183,415,415,1,415,358,358,90.22429,88.71471,92.65533,
P00183,415,415,1,415,415,114,94.33714,94.24133,93.79398,
P00183,415,415,1,415,415,127,92.895,93.55727,94.67722,
P00183,415,415,1,415,415,131,96.43714,96.37929,95.09892,
P00183,415,415,1,415,415,345,86.4525,91.64462,94.21985,
P00259,107,107,1,107,107,74,94.124,93.02529,93.51483,
P00259,107,107,1,107,87,86,96.69222,95.73357,94.25505,
P00259,107,107,1,107,49,46,92.864,92.0,93.74514,
P00259,107,107,1,107,107,20,95.56167,95.19824,94.63194,
P00282,148,148,1,148,148,23,85.72333,87.879,91.84973,
P00282,148,148,1,148,46,132,97.93,97.66969,95.60491,
P00282,148,148,1,148,148,62,94.0,95.97867,96.82567,
P00352,501,501,1,501,501,302,89.09333,89.01696,93.89432,
P00352,501,501,1,501,303,464,92.44667,92.19765,94.06475,
P00352,501,501,1,501,456,186,96.72571,94.95233,95.69853,
P00352,501,501,1,501,163,370,97.66833,96.84055,95.15621,
P00352,501,501,1,501,126,50,96.80333,95.42778,94.48594,
P00352,501,501,1,501,276,133,96.687,95.59937,95.45092,
P00390-1,522,522,1,522,102,102,92.03571,92.62789,94.70857,
P00390-1,522,522,1,522,484,484,89.22111,91.3887,92.849,
P00390-1,522,522,1,522,278,278,97.515,96.07815,94.58007,
P00390-1,522,522,1,522,134,134,70.3,80.175,82.30627,
P00390-1,522,522,1,522,467,467,97.606,97.00815,94.06411,
P00441,154,154,1,154,112,112,94.59556,95.71438,95.60365,
P00469,316,316,1,316,198,198,93.23143,93.58526,94.21793,
P00469,316,316,1,316,316,229,97.00857,96.42909,95.27388,
P00523-1,475,475,59,533,483,425,94.14,92.98059,93.27624,
P00523-1,475,475,59,533,277,219,71.79333,79.419,87.13287,
P00523-1,475,475,59,533,281,223,91.2625,91.61429,89.86211,
P00523-1,475,475,59,533,338,280,91.02375,91.5787,87.3151,
P00523-1,475,475,59,533,345,287,95.49333,94.48417,92.00654,
P00533-1,1210,1210,1,1210,797,797,91.33333,90.31455,85.7023,
P00533-1,1210,1210,1,1210,291,291,25.15667,25.28167,30.08,
P00533-1,1210,1210,1,1210,950,950,93.214,91.70276,84.1614,
P00533-1,1210,1210,1,1210,337,337,35.08333,36.98267,44.23414,
P00720,164,164,1,164,131,131,98.07143,97.84357,96.82957,
P00720,164,164,1,164,115,115,96.675,97.22615,96.97316,
P00720,164,164,1,164,164,119,98.03857,97.92059,97.53533,
P00720,164,164,1,164,164,125,97.71875,97.7425,97.30079,
P00720,164,164,1,164,164,128,98.24143,98.18,97.35382,
P00720,164,164,1,164,164,131,98.17,97.92928,96.94493,
P00720,164,164,1,164,164,142,92.45375,92.24,95.264,
P00720,164,164,1,164,164,149,97.555,96.57643,95.87223,
P00720,164,164,1,164,164,164,79.33667,88.24333,93.84102,
P00720,164,164,1,164,164,21,87.4675,91.362,95.66924,
P00720,164,164,1,164,164,3,95.68667,96.43,96.38943,
P00720,164,164,1,164,164,65,98.06286,97.90467,96.78378,
P00720,164,164,1,164,164,68,97.78429,97.67214,96.76771,
P00720,164,164,1,164,164,76,97.99714,97.78667,96.84479,
P00720,164,164,1,164,164,80,98.062,97.77583,97.46218,
P00720,164,164,1,164,164,9,93.29,92.23813,95.11409,
P00720,164,164,1,164,164,93,97.888,97.45867,97.02012,
P00784,345,345,1,345,158,158,93.655,90.392,91.89222,
P00785,380,380,1,380,151,151,94.34857,92.32706,91.76266,
P00787,339,339,1,339,108,108,96.8275,95.25056,92.73113,
P00808,307,307,1,307,307,180,95.95833,96.57091,97.00592,
P00918,260,260,1,260,64,64,91.464,92.58957,93.35124,
P00918,260,260,1,260,260,5,72.2125,78.4775,90.74882,
P00918,260,260,1,260,260,64,90.512,89.62125,92.99333,
P01009-1,418,418,1,418,418,256,94.96429,95.27,93.28413,
P01112-1,189,189,1,189,181,181,39.786,39.5075,43.71875,
P01112-1,189,189,1,189,184,184,39.27,38.43714,40.875,
P01112-1,189,189,1,189,118,118,95.77571,95.22809,93.68628,
P01112-1,189,189,1,189,189,12,87.576,87.625,90.77366,
P01112-1,189,189,1,189,189,32,63.86667,75.63455,87.84164,
P01112-1,189,189,1,189,189,72,88.57111,91.21692,92.03365,
P01112-1,189,189,1,189,189,97,93.04429,95.23864,92.69983,
P01116-1,189,189,1,189,12,12,89.21,89.7245,91.43921,
P01116-1,189,189,1,189,189,12,89.21,89.7245,91.43921,
P01116-1,189,189,1,189,72,72,85.85875,88.52087,89.66455,
P02638,92,92,1,92,85,85,77.86125,74.16857,82.1672,
P02791,175,175,1,175,175,49,92.181,91.1432,88.29719,
P02791,175,175,1,175,175,120,90.60333,91.22636,88.87765,
P02794,183,183,1,183,158,158,95.155,95.56727,93.84157,
P02794,183,183,1,183,183,158,94.95833,95.45454,93.8498,
P02920,417,417,1,417,417,122,87.765,88.912,88.08331,
P03252,204,204,1,204,122,122,96.415,94.73077,92.63683,
P03300,643,643,1566,2208,1712,147,92.64125,92.63464,91.81692,
P03305-1,2332,2332,1,2332,51,51,22.155,24.15231,24.21424,
P03305-1,2332,2332,1,2332,51,51,22.155,24.15231,24.21424,
P03305-1,2332,2332,1,2332,51,51,22.155,24.15231,24.21424,
P03313,183,183,1541,1723,1687,147,96.81875,96.53357,96.22129,
P03366-1,1447,1447,1,1447,780,780,77.148,73.23471,69.56066,
P03366-1,1447,1447,1,1447,1447,780,65.736,57.20286,55.72612,
P03372-1,595,595,1,595,530,530,79.35667,78.121,68.8237,
P04377,146,146,1,146,74,74,93.8575,94.85929,96.06617,
P04377,146,146,1,146,146,74,93.8575,94.85929,96.06617,
P04377,146,146,1,146,77,77,95.60333,96.00727,96.63111,
P04406-1,335,335,1,335,335,152,95.93714,95.88111,95.84446,
P04406-1,335,335,1,335,156,247,98.03429,98.04,97.3454,
P04818-1,285,285,29,313,195,167,94.57286,95.295,95.4848,
P04936,1687,1687,1,1687,1654,1654,21.00167,21.36455,25.295,
P04936,1687,1687,1,1687,956,956,21.14333,21.34,21.60963,
P04972,87,32,56,87,87,87,64.875,66.50667,65.39381,
P05326,331,331,1,331,331,253,96.885,95.85115,94.26468,
P05326,331,331,1,331,331,55,87.48375,89.87476,91.02802,
P07384,714,714,1,714,115,115,93.00875,91.184,90.66852,
P07384,714,714,1,714,250,250,94.49125,93.08414,89.6108,
P07384,714,714,1,714,677,677,92.59375,91.72048,88.25866,
P07384,714,714,1,714,678,678,92.29429,91.07762,88.12568,
P07550,391,391,1,391,93,93,89.901,90.5135,90.25887,
P07550,413,413,1,413,413,93,89.463,90.58526,89.56879,
P07607,307,307,1,307,189,189,94.60333,95.37682,95.39447,
P07688,335,335,1,335,108,108,96.61111,95.36676,93.25533,
P07711-1,333,333,1,333,138,138,96.82625,96.33667,95.82914,
P07711-1,333,333,1,333,333,39,92.98,91.83,89.50263,
P07711-1,333,333,1,333,333,42,84.386,87.74222,78.94386,
P07711-1,333,333,1,333,333,73,96.085,96.32043,94.69697,
P07711-1,333,333,1,333,333,82,94.41143,94.20192,87.10434,
P07858,339,339,1,339,108,108,96.66778,95.76171,93.7447,
P07858,339,339,1,339,179,179,95.78714,94.9725,94.85526,
P08567,350,350,1,350,250,250,90.32,88.60789,83.38588,
P08567,350,350,1,350,155,155,86.42125,83.795,83.27681,
P08617,217,217,1520,1736,1691,172,93.80556,92.76,92.4877,
P08659,550,550,1,550,550,108,86.7525,88.84722,88.772,
P08659,550,550,1,550,550,447,74.91667,79.49882,85.40336,
P09467,338,338,1,338,338,129,84.03167,84.70111,89.93929,
P09467,338,338,1,338,93,39,95.63429,94.99739,93.33241,
P09467,338,338,1,338,282,184,96.75,96.55591,93.50954,
P09467,338,338,1,338,180,117,97.11111,96.70593,93.95123,
P09913,472,472,1,472,472,289,93.40286,92.76864,89.13169,
P09936,223,223,1,223,90,90,94.16375,93.75731,92.73921,
P09936,223,223,1,223,220,220,93.11875,91.48238,94.48514,
P09936,223,223,1,223,47,47,95.05,94.87964,94.77508,
P09936,223,223,1,223,132,132,97.07286,97.27786,95.50244,
P0A884,264,264,1,264,146,146,95.32143,95.26632,95.31418,
P0A884,264,264,1,264,143,143,87.0775,91.15823,94.04236,
P0A884,264,264,1,264,264,167,93.99125,94.07304,94.25008,
P0A884,264,264,1,264,264,169,94.82667,94.32609,95.17254,
P0A953,406,406,1,406,163,163,92.26857,92.96226,94.932,
P0AAI5,413,413,1,413,164,164,92.03571,93.1771,94.92763,
P0AAI9,309,309,1,309,92,92,93.688,94.8768,95.71321,
P0AAI9,309,309,1,309,309,92,93.688,94.8768,95.71321,
P0ABE7,128,128,1,128,120,120,85.75125,89.57316,92.17126,
P0ABE7,128,128,1,128,128,120,86.555,90.00316,92.15591,
P0ABE7,128,128,1,128,123,123,81.35572,85.8655,89.43151,
P0ABE7,128,128,1,128,128,81,94.7275,93.93846,90.629,
P0AES0,619,619,1,619,338,338,85.81167,87.95136,90.75127,
P0AG82,346,346,1,346,222,222,94.11333,95.0852,94.87302,
P0AG82,346,346,1,346,346,222,94.18833,95.1628,95.03,
P0C024-1,238,238,1,238,72,72,97.61333,96.5925,95.58787,
P0C0J0,398,398,1,398,192,192,95.49143,92.43741,92.2296,
P0C6T4-1,306,306,3292,3597,3439,148,83.78714,84.89037,86.70168,
P0C6U8-1,304,304,3241,3544,3385,145,88.63429,88.00786,88.49682,
P0C6X5-1,301,301,2940,3240,3083,144,84.74125,86.62793,89.82195,
P0C6X7-1,304,304,3241,3544,3385,145,88.63429,88.00786,88.49682,
P0C6Y5-1,302,302,2879,3180,3022,144,88.61572,88.38464,89.92184,
P0CG47,229,229,1,229,229,200,93.41833,94.26083,91.01159,
P0CI79,279,279,1,279,161,161,92.65,93.68455,95.44547,
P0CS12,317,317,1,317,187,187,93.88286,94.8781,94.94493,
P0CS93,680,680,1,680,680,269,84.35,84.31567,83.54689,
P0CS93,680,680,1,680,424,68,95.82167,95.185,92.4979,
P0CS93,680,680,1,680,59,559,61.89857,63.274,74.25099,
P0DPI0,1296,1296,1,1296,165,165,78.645,81.03619,67.92399,
P0DTD1-1,306,306,3264,3569,3408,145,87.97556,89.42615,89.19122,
P0DTD1-1,306,306,3264,3569,4213,950,Index out of pdb bounds,
P0DTD1-1,306,306,3264,3569,3419,156,88.72428,90.75071,86.80333,
P10056,348,348,1,348,157,157,94.53125,92.28545,93.40702,
P10721-1,976,976,1,976,976,788,77.11375,78.0813,77.48021,
P10721-1,976,976,1,976,906,809,90.01167,88.44909,81.12594,
P10721-4,257,257,1,257,69,69,86.015,86.48857,85.31621,
P11362-1,777,777,1,777,488,488,69.33333,77.912,81.1212,
P11362-6,660,660,1,660,563,563,79.112,81.20619,74.83793,
P11473-1,427,427,1,427,427,288,79.964,84.01696,88.6202,
P11912-1,226,226,1,226,226,196,41.78333,42.20714,43.40133,
P12268,514,514,1,514,331,331,77.23428,77.71154,85.68766,
P12268,514,514,1,514,246,246,97.574,96.37241,93.65289,
P12269,514,514,1,514,331,331,66.02111,69.2304,81.96568,
P12931-1,483,483,54,536,188,135,93.15,91.32304,85.29624,
P12931-1,483,483,54,536,280,227,74.85333,82.318,89.40625,
P12931-1,483,483,54,536,248,195,93.63667,91.00962,90.14266,
P13100,297,297,1,297,173,173,94.24,94.8705,95.32689,
P14779,1049,1049,1,1049,98,98,86.34857,83.60778,84.15851,
P14779,1049,1049,1,1049,408,408,91.14,90.4095,86.86547,
P14854,86,86,1,86,86,54,89.93889,90.8765,85.85478,
P15428-1,266,266,1,266,266,152,96.208,94.37625,94.45625,
P15498-1,845,845,1,845,369,369,82.58857,81.90364,79.14953,
P15498-1,845,845,1,845,845,845,40.25,50.426,64.13192,
P16113,125,125,1,125,125,69,96.07,96.60158,96.76795,
P16455,207,207,1,207,145,145,95.19571,93.72704,88.09803,
P16455,207,207,1,207,24,24,91.02111,91.28478,88.15358,
P16885,1265,1265,1,1265,1265,624,55.28,64.70091,79.67951,
P17038-1,809,809,1,809,809,736,62.64714,60.43471,56.73756,
P17812-1,591,591,1,591,591,362,97.10333,97.53778,95.85905,
P18031,435,435,1,435,215,215,95.639,94.64444,93.47315,
P18031,435,435,1,435,344,344,27.52,28.434,28.32308,
P18031,435,435,1,435,92,92,95.84,95.43429,91.6583,
P18031,435,435,1,435,435,197,95.26857,95.484,89.91493,
P18031,435,435,1,435,435,258,91.214,92.57538,94.59692,
P18031,435,435,1,435,47,47,89.9075,83.07941,83.91944,
P18654,699,699,42,740,436,395,86.188,86.769,82.17391,
P19784,350,350,1,350,350,336,42.3675,56.091,76.67484,
P20807-1,821,821,1,821,129,129,91.12571,87.118,87.18387,
P20839-1,514,514,1,514,331,331,66.41333,69.9336,80.63788,
P20839-1,514,514,1,514,468,468,95.59625,95.19793,91.79079,
P20839-1,514,514,1,514,246,246,97.076,95.509,92.61149,
P21266,225,225,1,225,225,119,95.63111,95.16783,93.93312,
P21802-1,821,821,1,821,491,491,68.62667,73.83,79.3038,
P21980-1,687,687,1,687,687,277,93.52571,90.752,89.34448,
P21980-1,687,687,1,687,10,554,84.926,86.09389,87.62376,
P21980-1,687,687,1,687,524,510,89.66286,87.55217,85.3577,
P21980-1,687,687,1,687,505,371,88.78,88.42033,90.11667,
P21980-1,687,687,1,687,370,336,94.87429,94.34607,89.91678,
P21980-1,687,687,1,687,290,285,97.84111,96.55697,93.00919,
P21980-1,687,687,1,687,269,230,83.494,87.60667,90.38362,
P21980-1,687,687,1,687,211,193,96.3825,95.97043,92.99663,
P21980-1,687,687,1,687,143,27,83.78,90.224,93.40395,
P21980-1,687,687,1,687,545,620,93.59857,92.81905,90.99946,
P22455-1,802,802,1,802,477,477,71.91667,81.093,85.75549,
P22455-1,802,802,1,802,552,552,92.162,91.82913,86.55619,
P22513,359,359,1,359,166,166,95.99,96.01556,95.19373,
P22525,615,615,1,615,528,528,88.49833,91.28875,88.98993,
P24001-1,234,234,1,234,234,199,69.24375,68.72692,65.42185,
P24941-1,298,298,1,298,191,191,97.3525,96.03654,93.71227,
P24941-1,298,298,1,298,80,80,95.07125,94.23261,89.93368,
P25774-1,331,331,1,331,139,139,97.02125,95.50156,95.54443,
P25774-1,331,331,1,331,331,269,93.638,95.94444,96.33743,
P25774-1,331,331,1,331,331,316,94.03,95.92429,96.30398,
P25779,467,467,1,467,147,147,94.61714,92.48543,92.00308,
P26358-1,1616,1616,1,1616,1616,580,38.43,35.714,39.67526,
P26663,570,570,2420,2989,2785,366,81.16667,88.44529,87.03354,
P26663,570,570,2420,2989,2433,14,50.165,64.60769,69.89013,
P27282,320,320,1003,1322,1012,10,94.55286,92.58044,93.01057,
P27361-1,353,353,27,379,183,157,94.84,94.12,90.86348,
P27361-1,353,353,27,379,233,207,97.4675,95.74,92.62169,
P27361-1,353,353,27,379,271,245,87.19,86.73563,86.23434,
P27987-1,946,946,1,946,946,178,31.93,29.90833,30.32667,
P28347-1,426,395,32,426,296,296,75.16,82.56786,85.28417,
P28347-1,426,395,32,426,327,327,93.868,93.60762,92.53586,
P28482-1,360,360,1,360,166,166,94.548,93.95818,89.96899,
P28482-1,360,360,1,360,254,254,88.386,87.54187,85.95195,
P28482-1,360,360,1,360,65,65,88.41667,89.84423,84.51632,
P28482-1,360,360,1,360,360,37,88.16857,89.52778,90.95148,
P28593,492,492,1,492,53,53,86.0,88.09158,90.29621,
P28720,386,386,1,386,386,281,91.18714,92.7755,93.10661,
P28720,386,386,1,386,158,318,93.315,95.4975,95.37367,
P28720,386,386,1,386,323,320,94.22,95.501,94.9981,
P28720,386,386,1,386,386,330,97.68,97.04545,95.67261,
P29375-1,1690,1690,1,1690,481,481,79.69625,81.22428,82.12876,
P29375-1,1690,1690,1,1690,345,345,35.895,39.22769,57.09814,
P29375-1,1690,1690,1,1690,340,340,51.42556,48.554,50.17132,
P29375-1,1690,1690,1,1690,1619,1619,33.45333,39.0825,48.87636,
P29375-1,1690,1690,1,1690,794,794,84.81286,83.77381,73.00617,
P29466-1,404,404,1,404,285,285,71.36,71.25133,78.17151,
P29466-1,404,404,1,404,331,331,87.66778,83.32,83.59267,
P29466-1,404,404,1,404,364,364,91.25833,90.9775,85.10758,
P29466-1,404,404,1,404,362,362,87.55167,85.80696,86.50581,
P29466-1,404,404,1,404,397,397,89.69833,87.625,84.61809,
P30822,1084,1084,1,1084,152,152,86.99125,86.46917,85.13651,
P30822,1084,1084,1,1084,1022,1022,86.99889,87.74042,86.34968,
P30822,1084,1084,1,1084,539,539,79.58222,79.73857,81.80624,
P30838,453,453,1,453,244,244,91.514,92.89107,94.22533,
P30838,453,453,1,453,223,223,96.015,96.93688,97.28893,
P31749-1,449,449,1,449,310,310,78.64,85.18357,84.7742,
P31749-1,449,449,1,449,296,296,91.41375,90.24048,89.21524,
P31749-1,449,449,1,449,60,60,82.21429,82.4687,82.48207,
P31947-1,248,248,1,248,96,96,97.32,96.91917,95.87645,
P31947-1,248,248,1,248,42,42,95.01,94.70769,95.41051,
P31947-1,248,248,1,248,45,45,95.21,95.44444,95.48805,
P31947-1,248,248,1,248,248,68,81.55428,79.94214,85.90324,
P32939,208,208,1,208,35,35,78.04333,82.25,91.19426,
P32939,208,208,1,208,35,35,78.21,84.852,90.96942,
P35270,261,261,1,261,234,234,97.29,96.76955,96.28566,
P35442,1172,1172,1,1172,1172,491,47.76,49.2375,51.81329,
P35573-1,1532,1532,1,1532,608,608,63.46,65.59077,78.98096,
P35573-1,1532,1532,1,1532,399,399,68.82375,65.05444,68.24847,
P35573-1,1532,1532,1,1532,453,453,53.69833,58.68053,64.61869,
P35573-1,1532,1532,1,1532,502,502,82.50143,78.115,74.9969,
P35991,659,659,1,659,659,481,94.665,93.255,90.05594,
P35991,659,659,1,659,527,506,97.66667,97.28692,92.6976,
P35991,659,659,1,659,633,464,79.8025,75.13391,72.33826,
P36400,443,443,1,443,150,150,96.59143,94.88853,93.94006,
P36888-1,993,993,1,993,695,695,87.298,89.32375,79.61455,
P36888-1,993,993,1,993,241,241,67.056,65.18773,62.0377,
P37231-1,505,505,1,505,313,313,80.56286,80.64846,80.58781,
P37231-1,505,505,1,505,505,308,71.95714,67.30562,73.49895,
P37231-1,505,505,1,505,505,316,86.88428,80.23444,84.40194,
P37231-1,505,505,1,505,505,317,87.66143,88.9435,87.12957,
P38507,508,508,1,508,226,226,76.65143,77.69133,75.53924,
P38507,508,508,1,508,508,226,73.30625,74.992,73.07775,
P41020,570,570,1,570,322,322,73.35714,67.03385,70.93762,
P41020,570,570,1,570,555,555,89.4525,90.13136,87.03073,
P42166-1,694,694,1,694,694,518,43.038,48.21917,57.81226,
P42224-1,750,750,1,750,750,108,88.18714,86.51611,83.92433,
P42336,1068,1068,1,1068,862,862,71.073,70.684,78.76412,
P42336,1068,1068,1,1068,147,147,90.69,91.2456,87.02731,
P42336,1068,1068,1,1068,692,692,93.01857,91.89037,87.32052,
P42336,1068,1068,1,1068,971,971,85.202,87.6285,86.38012,
P42336,1068,1068,1,1068,126,126,78.67833,80.56917,81.28764,
P42574,277,277,1,277,163,163,84.97375,86.96538,87.22796,
P42574,277,277,1,277,220,220,95.95571,95.725,89.92244,
P42574,277,277,1,277,277,197,85.79778,83.96961,85.80937,
P42574,277,277,1,277,277,266,93.686,94.08417,86.56918,
P42680,631,631,1,631,449,449,94.57,93.505,90.53883,
P42695,1428,1428,1,1428,631,631,75.77,76.444,76.486,
P42695,1428,1428,1,1428,1389,1389,24.59667,24.014,33.55161,
P43220,463,463,1,463,463,347,64.07572,64.36917,70.91544,
P43220,463,463,1,463,62,71,89.974,88.1185,81.71186,
P43220,463,463,1,463,85,46,89.12625,87.67238,81.55152,
P43220,463,463,1,463,104,126,82.31286,80.86857,76.95341,
P43220,463,463,1,463,341,403,78.24143,80.89818,81.02376,
P43220,463,463,1,463,329,296,73.20714,73.34409,73.36553,
P43220,463,463,1,463,236,174,66.69833,70.51818,79.60823,
P43220,463,463,1,463,463,193,90.82111,90.2081,84.72509,
P43220,463,463,1,463,463,317,86.36857,81.4612,82.8893,
P43220,463,463,1,463,463,361,58.81429,70.39333,78.53033,
P43235,329,329,1,329,139,139,97.38571,96.48182,95.66836,
P43236,329,329,1,329,139,139,97.60875,96.26941,95.61936,
P43354-1,576,576,23,598,566,544,91.2275,92.49792,84.94949,
P43403-1,619,619,1,619,117,117,52.03571,55.55769,68.6315,
P43403-1,619,619,1,619,618,618,28.70333,27.9525,26.8725,
P43403-1,619,619,1,619,560,560,94.75,94.27833,92.59933,
P43403-1,619,619,1,619,405,405,90.23667,89.22217,82.70714,
P43403-1,619,619,1,619,564,564,90.69,93.33,88.95809,
P43403-1,619,619,1,619,254,254,89.095,87.15792,78.97309,
P44859,274,274,1,274,274,73,89.825,91.72952,94.44927,
P44859,274,274,1,274,217,79,95.73625,94.90645,94.15667,
P44859,274,274,1,274,38,222,96.95571,96.24,94.60723,
P44859,274,274,1,274,160,150,96.46429,96.51083,95.5468,
P45481,2412,2412,30,2441,664,635,23.99667,24.08769,23.65961,
P46020-1,1223,1223,1,1223,1223,844,81.66857,81.7172,79.2262,
P46934-1,1319,1319,1,1319,1046,1046,79.276,78.40333,73.10122,
P46934-1,1319,1319,1,1319,601,601,24.82667,25.608,25.27714,
P47712,749,749,1,749,726,726,45.5375,56.66579,72.71198,
P47712,749,749,1,749,151,151,90.512,87.33235,81.5696,
P49815-1,1807,1807,1,1807,1755,1755,51.10875,48.95923,39.97079,
P49815-1,1807,1807,1,1807,734,734,76.5475,76.20864,71.69295,
P49815-1,1807,1807,1,1807,253,253,75.29667,76.31118,74.8543,
P49841-1,332,332,54,385,199,146,95.938,96.125,93.47643,
P49841-1,332,332,54,385,218,165,91.125,93.23864,93.26375,
P49841-1,332,332,54,385,178,125,95.83625,95.9052,93.98311,
P50613,346,346,1,346,312,312,65.556,66.63308,85.28273,
P50613,346,346,1,346,241,241,91.06333,91.00071,90.82323,
P51114-1,544,544,1,544,157,157,83.36714,82.93478,88.39057,
P51116,673,673,1,673,673,109,64.2575,77.75833,88.06862,
P51451,468,468,38,505,319,282,94.67333,94.07636,90.8193,
P51812,702,702,39,740,436,398,88.47111,89.27952,82.45814,
P51813,675,675,1,675,496,496,94.81778,93.67609,90.68138,
P51955-1,445,445,1,445,22,22,90.96286,89.14333,90.24944,
P51957-1,841,841,1,841,724,724,22.64,23.88571,56.21533,
P51957-1,841,841,1,841,664,664,24.65667,25.384,25.87929,
P51977,501,501,1,501,501,302,90.0,89.98182,94.31335,
P51977,501,501,1,501,126,370,97.67833,96.75444,95.32269,
P51977,501,501,1,501,303,186,96.99,95.45903,95.83022,
P51977,501,501,1,501,163,133,97.04889,95.93281,95.5614,
P51977,501,501,1,501,456,464,91.83333,91.50647,94.08626,
P51977,501,501,1,501,276,50,97.17833,95.75111,95.81811,
P52333-1,1124,1124,1,1124,909,909,88.97111,86.7325,82.88652,
P52333-1,1124,1124,1,1124,376,376,66.48875,65.7508,62.46908,
P52333-1,1124,1124,1,1124,811,811,33.5225,33.10875,53.21172,
P52333-1,1124,1124,1,1124,428,428,83.338,78.995,72.50882,
P52948-1,248,248,1206,1453,1312,107,90.54286,90.36071,86.70783,
P53602,400,400,1,400,400,108,72.60571,80.784,83.77837,
P53602,400,400,1,400,386,12,96.18667,94.94192,90.20461,
P53634-1,463,463,1,463,258,258,95.3825,91.95657,90.05585,
P53634-1,463,463,1,463,448,448,92.0,89.05864,90.80806,
P53667-1,647,647,1,647,191,191,25.61333,26.278,27.17857,
P53667-1,647,647,1,647,349,349,63.21,71.98364,79.99873,
P53667-1,647,647,1,647,208,208,26.085,26.02833,32.24931,
P53667-1,647,647,1,647,466,466,93.849,93.93704,89.61703,
P53779-1,404,404,1,404,154,154,92.0475,92.7805,79.89518,
P53794,718,718,1,718,718,558,24.914,26.2175,38.08567,
P54277-1,932,932,1,932,932,725,43.632,43.70167,41.21246,
P54753,998,998,1,998,998,717,88.56143,88.6835,85.25056,
P54753,998,998,1,998,772,632,89.88429,88.28846,86.93302,
P54753,998,998,1,998,874,863,76.952,79.93778,78.69887,
P54762-1,984,984,1,984,860,860,94.524,93.02586,86.84054,
P54762-1,984,984,1,984,849,849,76.872,72.09579,78.27167,
P54762-1,984,984,1,984,703,703,89.33143,89.5215,88.11642,
P55210-1,303,273,31,303,186,186,80.86778,82.90897,84.59946,
P55210-1,303,273,31,303,116,116,97.14833,95.856,90.20988,
P55210-1,303,273,31,303,246,246,95.6475,95.2619,91.42143,
P55210-1,303,273,31,303,70,70,97.3375,96.7512,93.14824,
P55212-1,293,273,21,293,87,87,98.136,97.78533,94.83954,
P55212-1,293,273,21,293,233,233,96.03875,95.8681,92.767,
P55212-1,293,273,21,293,277,277,91.135,92.18353,90.43852,
P55212-1,293,273,21,293,116,116,98.135,97.34476,93.38435,
P55317-1,472,472,1,472,258,258,60.36,64.12231,74.96746,
P55317-1,472,472,1,472,227,227,85.11714,81.18522,80.07134,
P55317-1,472,472,1,472,268,268,64.14,70.96154,71.00159,
P55786-1,919,919,1,919,339,339,90.02571,90.2387,92.96329,
P56182,461,461,1,461,461,62,92.77222,91.40963,92.25806,
P56817-1,501,501,1,501,390,390,80.862,82.93222,76.65273,
P56817-1,501,501,1,501,501,292,83.01,80.1845,80.24579,
P56817-1,501,501,1,501,501,390,83.698,88.35588,86.06305,
P56817-1,501,501,1,501,393,393,94.04889,91.15742,89.30129,
P57764,484,484,1,484,268,268,40.96,49.97063,64.18904,
P57764,484,484,1,484,56,56,81.262,80.91261,76.24259,
P57764,484,484,1,484,309,309,82.0,76.86826,81.23021,
P57764,484,484,1,484,445,445,79.055,78.10714,74.61308,
P57764,484,484,1,484,457,457,77.06143,74.73421,68.10951,
P57772-1,596,596,1,596,442,442,83.365,81.03458,83.74261,
P57772-1,596,596,1,596,422,422,86.19,86.51696,88.42527,
P57772-1,596,596,1,596,304,304,93.70429,91.11,88.28756,
P57772-1,596,596,1,596,426,426,86.71429,88.04,87.625,
P60006-1,121,121,1,121,121,24,69.602,73.91455,77.08956,
P60568,153,153,1,153,63,63,89.65667,88.22,87.37103,
P60568,153,153,1,153,153,51,75.36572,72.89474,84.24051,
P60568,153,153,1,153,153,63,89.65667,88.22,87.37103,
P61086-1,200,200,1,200,200,92,94.948,94.43762,94.93265,
P61086-1,200,200,1,200,200,124,85.685,90.35643,92.32672,
P61088,152,152,1,152,152,87,95.226,95.25273,95.94121,
P61277,329,329,1,329,139,139,97.61875,96.54412,95.8564,
P61586,193,193,1,193,193,107,95.74,95.9115,88.22184,
P61586,193,193,1,193,20,190,31.03667,32.46857,67.98458,
P61586,193,193,1,193,159,16,95.2025,96.28875,95.26119,
P61626,148,148,1,148,113,113,98.155,97.65227,96.23545,
P61626,148,148,1,148,148,82,97.18,97.31833,96.60573,
P61769,119,119,1,119,119,45,98.32,98.1275,95.97323,
P61769,119,119,1,119,119,72,96.735,97.245,96.75821,
P62136-1,305,305,1,305,127,127,95.34375,96.13909,95.76364,
P62136-1,305,305,1,305,172,172,97.78572,97.54429,96.43097,
P62136-1,305,305,1,305,171,171,98.41,98.00828,96.87939,
P62136-1,305,305,1,305,202,202,95.299,94.8419,95.98094,
P62136-1,305,305,1,305,140,140,96.42,96.51947,94.72912,
P62136-1,305,305,1,305,105,105,97.68778,96.85125,93.74842,
P62508-1,458,458,1,458,458,180,93.29,91.22762,87.2975,
P63000-1,192,192,1,192,192,178,90.665,87.203,91.92721,
P63086,358,358,1,358,164,164,94.488,94.05636,90.46814,
P63086,358,358,1,358,358,116,94.162,94.77182,95.35724,
P68139,377,377,1,377,377,376,90.44667,93.07312,95.03838,
P68139,377,377,1,377,287,259,97.47429,96.9708,95.3468,
P68139,377,377,1,377,219,12,97.18125,96.94929,94.82446,
P68402-1,229,229,1,229,229,188,94.11333,94.85875,93.49758,
P68871,147,147,1,147,147,94,93.31333,92.0945,94.6519,
P68871,147,147,1,147,147,110,98.06875,97.89091,96.39574,
P76045,301,301,1,301,230,230,94.78125,88.31136,81.95955,
P76045,301,301,1,301,301,230,94.78125,88.31136,81.95955,
P78417-1,241,241,1,241,32,32,94.95286,95.64235,93.20233,
P78417-1,241,241,1,241,112,112,95.65428,95.6575,95.83378,
P80365,405,405,1,405,405,264,84.6575,83.935,85.44824,
P80884,345,345,1,345,147,147,96.29111,94.49667,94.60722,
P81297,388,388,1,388,238,238,92.75,88.68214,87.98305,
P81947,451,431,1,431,316,316,93.82125,92.0208,91.14603,
P84346,214,214,1,214,25,25,96.73445,95.13103,95.37034,
P95493,736,736,1,736,473,473,90.481,90.29367,88.96938,
P97571,713,713,1,713,115,115,90.015,89.01107,89.97043,
P97612,579,579,1,579,269,269,80.0475,85.77941,90.02318,
P9WG67,116,116,1,116,116,37,95.38286,95.53385,96.6582,
P9WJF0,461,461,1,461,387,387,91.16857,90.596,90.02539,
P9WJF1,461,461,1,461,387,387,91.16857,90.596,90.02539,
P9WJF1,461,461,1,461,461,314,84.538,89.14154,91.86448,
P9WKV2,451,416,1,416,360,360,91.45111,92.82233,92.29735,
P9WNG3,335,335,1,335,335,122,91.50778,91.16441,93.09387,
P9WPF3,353,353,1,353,138,138,94.57,94.32437,94.21928,
P9WQN9,340,340,1,340,255,255,93.23833,90.12531,87.7083,
Q00610-1,1675,1675,1,1675,870,870,55.85714,57.50533,57.5225,
Q00610-1,1675,1675,1,1675,151,151,77.4075,79.20789,79.86639,
Q00610-1,1675,1675,1,1675,909,909,57.94111,58.1432,57.71742,
Q00610-1,1675,1675,1,1675,562,562,67.71,68.1516,66.41448,
Q00610-1,1675,1675,1,1675,1205,1205,47.453,45.25043,49.92618,
Q00610-1,1675,1675,1,1675,918,918,58.63,58.496,58.83223,
Q00765-1,189,189,1,189,18,18,62.95,66.02555,72.88154,
Q00765-1,189,189,1,189,124,124,76.00778,75.87231,73.98374,
Q00765-1,189,189,1,189,118,118,76.63333,73.96409,73.13604,
Q00839-1,825,825,1,825,825,594,87.2825,77.9,78.0914,
Q00944-1,1026,1026,28,1053,427,400,86.175,87.68625,86.15228,
Q02750-1,366,366,28,393,207,180,91.564,90.42667,87.14133,
Q02750-1,366,366,28,393,376,349,93.16667,90.503,90.37207,
Q02750-1,366,366,28,393,341,314,97.11778,95.69464,91.00814,
Q03519-1,686,686,1,686,641,641,67.19875,73.07368,80.89788,
Q03519-1,686,686,1,686,571,571,85.52,87.67937,87.54431,
Q04544,1788,1788,1,1788,1788,1238,21.70333,21.893,23.37702,
Q04544,1788,1788,1,1788,1253,1176,22.76333,24.00125,25.89184,
Q04544,1788,1788,1,1788,1182,1268,22.71,22.51571,24.18861,
Q04912-1,1400,1400,1,1400,1400,1048,22.37,21.37286,26.5685,
Q06187-1,659,659,1,659,481,481,93.63375,92.85545,88.30844,
Q06187-1,659,659,1,659,165,165,29.03667,27.94143,38.94471,
Q06187-1,659,659,1,659,527,527,93.82,93.0563,87.63176,
Q07352,338,338,1,338,338,34,38.14667,38.188,36.26833,
Q07812-1,192,192,1,192,126,126,84.03333,82.47692,85.04986,
Q07869-1,468,468,1,468,275,275,85.13571,78.87059,83.29268,
Q07889-1,1333,1333,1,1333,1333,405,25.34,25.405,55.89636,
Q08881,620,620,1,620,442,442,94.04778,93.1513,90.35008,
Q08881,620,620,1,620,289,289,77.36,76.936,75.62247,
Q08881,620,620,1,620,488,488,94.356,94.01885,89.68694,
Q08J23-1,682,682,37,718,184,148,95.59,94.07852,93.21421,
Q08J23-1,682,682,37,718,678,642,93.19571,92.354,88.39158,
Q08J23-1,682,682,37,718,589,553,91.31333,89.555,88.2778,
Q0PB90,190,190,1,190,190,182,97.61333,97.2219,95.0395,
Q0PB90,190,190,1,190,190,48,97.44714,97.03,94.98204,
Q0VDI3,215,215,1,215,168,168,92.98,94.28167,94.91491,
Q12045,647,647,1,647,355,355,88.06,88.83786,89.91318,
Q12045,647,647,1,647,647,355,87.97286,88.87429,89.45618,
Q12045,647,647,1,647,423,423,90.79778,90.89062,89.76133,
Q12923-1,2485,2485,1,2485,1381,1381,23.4825,24.32545,24.47745,
Q12923-1,2485,2485,1,2485,1436,1436,64.42667,62.74769,55.80772,
Q12980,569,569,1,569,141,141,71.67857,68.001,66.22825,
Q12980,569,569,1,569,278,278,65.024,70.50091,72.99693,
Q12986-1,1120,1120,1,1120,1120,295,24.58333,24.892,27.355,
Q13029-1,1718,1718,1,1718,1718,875,29.13667,28.998,49.97146,
Q13490-1,618,618,1,618,315,315,79.79,79.13429,75.9014,
Q13526,163,163,1,163,113,113,97.35,97.00583,96.78146,
Q13555-1,558,558,1,558,558,290,88.2675,88.00882,89.00785,
Q13905-1,1077,1077,1,1077,958,958,80.79429,82.38687,88.16723,
Q14145,624,624,1,624,288,288,85.88429,86.07692,86.47714,
Q14145,624,624,1,624,151,151,76.64143,79.48571,78.334,
Q14153-1,422,422,1,422,271,271,45.84333,47.95,47.34875,
Q14289-1,1009,1009,1,1009,899,899,67.72,75.50545,76.85618,
Q14289-1,1009,1009,1,1009,744,744,33.0,33.594,45.46389,
Q14289-1,1009,1009,1,1009,180,180,88.9125,87.30519,81.10597,
Q14289-1,1009,1009,1,1009,44,44,80.805,81.06333,77.3069,
Q14289-1,1009,1009,1,1009,650,650,81.924,88.57,89.35389,
Q14289-1,1009,1009,1,1009,310,310,90.274,85.35346,81.43273,
Q14571-1,2701,2701,1,2701,379,379,21.86,21.884,23.06082,
Q14571-1,2701,2701,1,2701,1536,1536,24.36429,23.89111,23.73629,
Q14571-1,2701,2701,1,2701,1193,1193,24.885,26.67208,25.55963,
Q14571-1,2701,2701,1,2701,1415,1415,22.66667,21.89,22.066,
Q14571-1,2701,2701,1,2701,638,638,21.7625,22.36875,21.69255,
Q14571-1,2701,2701,1,2701,1522,1522,22.753,23.10091,24.00598,
Q14571-1,2701,2701,1,2701,1649,1649,24.798,24.77065,25.06127,
Q14684-1,706,706,1,706,155,155,82.66857,87.70947,91.4982,
Q14790-1,479,479,1,479,360,360,79.24222,81.19586,83.33646,
Q14790-1,479,479,1,479,131,131,60.5225,73.115,82.50491,
Q15013-1,274,274,1,274,186,186,96.54571,95.37455,89.805,
Q15013-1,274,274,1,274,247,247,86.23556,84.981,89.12519,
Q15013-1,274,274,1,274,50,50,39.906,54.221,74.93544,
Q15021,1302,1302,1,1302,439,439,60.19667,70.49167,79.82807,
Q15021,1302,1302,1,1302,202,202,86.2825,86.90591,84.55586,
Q15021,1302,1302,1,1302,886,886,85.90143,85.70348,82.29674,
Q15021,1302,1302,1,1302,1211,1211,85.08,85.24091,81.59018,
Q15021,1302,1302,1,1302,201,201,85.67857,86.42,84.53785,
Q15021,1302,1302,1,1302,893,893,85.1175,83.56739,79.8611,
Q15303-1,1308,1308,1,1308,803,803,92.71667,92.22136,89.24577,
Q15366-1,365,365,1,365,54,54,62.56714,65.79882,72.83824,
Q15366-1,365,365,1,365,163,163,79.33222,79.8065,78.18884,
Q15366-1,365,365,1,365,301,301,80.13286,78.02389,76.75676,
Q15366-2,366,366,1,366,302,302,75.87571,74.75789,73.80123,
Q15390-1,333,333,1,333,89,89,33.2,34.94,37.11333,
Q15561-1,434,392,43,434,410,410,95.04286,93.17552,90.02542,
Q15562-1,447,401,47,447,423,423,95.17857,92.985,88.60028,
Q15562-1,447,401,47,447,343,343,95.43714,94.58652,91.02992,
Q16186,407,378,1,378,88,88,72.08333,78.77818,83.96983,
Q16539-1,360,360,1,360,252,252,83.61667,82.27,82.56723,
Q16539-1,360,360,1,360,251,251,79.5325,79.42062,83.07231,
Q16539-1,360,360,1,360,360,252,85.53333,83.09267,85.12224,
Q16548-1,175,175,1,175,175,55,82.29,81.04437,84.60423,
Q16548-1,175,175,1,175,19,4,78.40167,80.329,91.34448,
Q16611-1,183,183,29,211,73,45,88.22286,84.84045,81.03528,
Q16611-1,183,183,29,211,84,56,74.64571,69.62533,74.96221,
Q189K3,254,254,544,797,698,155,84.63333,83.354,83.64676,
Q28943,1025,1025,1,1025,1025,671,56.895,61.6137,68.78392,
Q28943,1025,1025,1,1025,175,1001,75.12375,74.68842,65.03045,
Q28943,1025,1025,1,1025,126,130,73.67375,74.39889,78.95068,
Q28943,1025,1025,1,1025,136,140,59.28333,61.12292,68.54957,
Q28943,1025,1025,1,1025,996,202,94.805,94.00179,89.71063,
Q28943,1025,1025,1,1025,257,322,52.834,65.39539,73.40829,
Q28943,1025,1025,1,1025,324,347,88.22625,88.31806,81.86962,
Q28943,1025,1025,1,1025,354,385,83.46286,85.16954,78.45885,
Q28943,1025,1025,1,1025,49,52,37.1225,38.68444,55.24139,
Q28943,1025,1025,1,1025,622,643,64.49,70.48955,74.10474,
Q28943,1025,1025,1,1025,695,963,60.61222,66.03962,58.44543,
Q28943,1025,1025,1,1025,959,986,70.29625,68.037,60.68444,
Q28943,1025,1025,1,1025,989,992,67.09,69.86,65.39695,
Q28943,1025,1025,1,1025,956,684,65.40667,72.87913,75.23541,
Q28943,1025,1025,1,1025,91,87,68.51,68.4844,73.56272,
Q28943,1025,1025,1,1025,831,82,59.67333,62.75308,62.27381,
Q28943,1025,1025,1,1025,816,79,66.46571,69.25708,69.91484,
Q29RF7-1,1149,1149,1,1149,532,532,82.81286,83.96333,84.56069,
Q29RF7-1,1149,1149,1,1149,956,956,92.12375,90.99462,90.99111,
Q29ST3,647,647,1,647,197,197,85.78,88.3395,84.93324,
Q29ST3,647,647,1,647,647,197,92.82333,93.22619,89.31762,
Q2FIA5,438,438,1,438,43,43,89.402,91.19214,91.9613,
Q2FV99,206,206,1,206,206,184,86.97833,88.35917,90.53262,
Q2FZE3,244,244,1,244,223,223,80.38857,84.08143,91.4372,
Q2XVP4,451,431,1,431,316,316,93.82125,92.0208,91.14603,
Q382U0,465,465,1,465,215,215,95.73556,94.18792,90.43022,
Q3Y185,466,466,1,466,442,442,92.682,93.50808,92.62574,
Q46822,182,182,1,182,67,67,96.376,97.145,95.13134,
Q4D3W2,314,314,1,314,314,132,73.476,84.41885,92.34816,
Q4D3W2,314,314,1,314,47,33,94.10714,92.98733,94.66747,
Q4D3W2,314,314,1,314,250,194,94.90143,95.36241,93.75617,
Q4D3W2,314,314,1,314,242,25,90.99375,91.94708,93.59773,
Q4D3W2,314,314,1,314,314,26,93.3425,93.90591,93.92222,
Q4DA54,478,478,1,478,478,365,93.59857,93.27105,94.12869,
Q4DA54,478,478,1,478,233,154,94.57778,94.28905,93.53628,
Q4DA54,478,478,1,478,189,192,98.34143,98.06208,96.44541,
Q4DA54,478,478,1,478,337,57,87.02714,89.15286,91.87365,
Q4DA54,478,478,1,478,67,357,96.34375,95.47964,94.59632,
Q4U443,841,841,1,841,86,86,91.696,93.4272,93.0728,
Q4U443,841,841,1,841,841,86,90.076,91.98,92.30253,
Q51817,680,680,1,680,477,477,92.21444,91.81833,88.61667,
Q53TQ3,981,981,1,981,416,416,57.00857,59.39538,59.68161,
Q53TQ3,981,981,1,981,667,667,35.366,40.13818,48.37542,
Q5DSM6,183,183,1556,1738,1702,147,96.81125,96.53357,96.23237,
Q5RL73-1,367,367,1,367,367,258,30.28333,29.354,28.545,
Q5T160,578,578,1,578,576,576,90.336,92.31944,88.91094,
Q5T1V6-1,619,619,1,619,453,453,90.68667,89.58867,85.55143,
Q5T1V6-1,619,619,1,619,345,345,90.24,89.81529,90.86152,
Q5T1V6-1,619,619,1,619,131,131,89.605,88.48042,83.78264,
Q5T1V6-1,619,619,1,619,127,127,87.51222,86.62818,84.08976,
Q5T1V6-1,619,619,1,619,60,60,25.80667,26.574,26.46333,
Q5TC12-1,328,328,1,328,321,321,64.0,67.1,79.1682,
Q5TFE4-1,455,455,1,455,119,119,69.138,77.19,86.86556,
Q5TFE4-1,455,455,1,455,62,62,88.45667,84.3652,86.94869,
Q5TFE4-1,455,455,1,455,399,399,89.15333,88.01895,81.12647,
Q5UEA2,183,183,1541,1723,1687,147,96.81125,96.525,96.20885,
Q5VZU9,1262,1262,1,1262,1262,28,91.45714,91.52357,88.98631,
Q5Y389,160,160,1333,1492,1366,34,94.85091,95.50227,96.75304,
Q66K14-1,1250,1250,1,1250,289,289,68.55375,67.55882,68.01864,
Q68CJ6,761,761,36,796,628,593,60.96125,63.83818,68.60992,
Q69YL0,99,75,1,75,63,63,65.32,64.27923,63.13784,
Q6DN12-1,878,878,1,878,878,497,43.11444,44.53071,52.50082,
Q6F5E8-1,1435,1435,1,1435,1435,582,72.76167,76.06522,79.60178,
Q6ICB4,259,259,1,259,223,223,62.92833,71.292,73.46723,
Q6IPU0-1,288,288,1,288,288,147,63.016,74.96333,85.24393,
Q6P6C2-2,394,368,27,394,267,267,93.0225,92.60044,88.65545,
Q6P6C2-2,394,368,27,394,227,227,95.875,94.935,90.18694,
Q6PJ61,603,603,1,603,603,288,26.46333,28.084,27.96615,
Q6PJG6-1,821,821,1,821,28,28,73.80143,73.89176,74.96464,
Q6PJG6-1,821,821,1,821,539,539,86.86625,85.96667,81.58463,
Q6PJG6-1,821,821,1,821,54,54,86.89125,85.55526,80.34509,
Q6PJG6-1,821,821,1,821,416,416,87.23,85.015,84.44853,
Q6PJG6-1,821,821,1,821,289,289,87.0,86.78222,84.95941,
Q6PJG6-1,821,821,1,821,265,265,89.78444,89.60895,86.40344,
Q6PJG6-1,821,821,1,821,711,711,72.922,77.18765,78.28,
Q6PJG6-1,821,821,1,821,422,422,91.56375,90.08762,88.50903,
Q6PJG6-1,821,821,1,821,207,207,92.188,91.41813,88.63817,
Q6PJG6-1,821,821,1,821,706,706,82.11667,78.44087,79.11008,
Q6PJG6-1,821,821,1,821,401,401,89.752,89.89125,87.53165,
Q6PJG6-1,821,821,1,821,820,820,32.29,39.57,67.44036,
Q6PJG6-3,291,291,1,291,10,10,31.42333,29.55,28.52467,
Q6PJG6-3,291,291,1,291,13,13,28.23,28.26833,28.9225,
Q6PL18-1,1390,1390,1,1390,1390,635,70.33,69.78208,70.68142,
Q6R327-1,1708,1708,1,1708,1631,1631,68.61143,67.92538,54.135,
Q6R327-1,1708,1708,1,1708,893,893,73.8775,70.28739,69.14183,
Q6R327-1,1708,1708,1,1708,684,684,76.72286,75.79313,71.50524,
Q6R327-1,1708,1708,1,1708,689,689,68.57167,70.5816,70.4278,
Q6R327-1,1708,1708,1,1708,475,475,64.01286,66.06263,65.52947,
Q6R327-1,1708,1708,1,1708,906,906,75.60571,76.32783,72.23118,
Q6R327-1,1708,1708,1,1708,728,728,71.32875,70.87625,68.01232,
Q6R327-1,1708,1708,1,1708,302,302,60.85286,57.542,59.69628,
Q6R7Z5,340,340,1,340,122,122,95.31111,93.46632,91.43913,
Q6SZW1-1,724,724,1,724,724,311,71.56857,70.11,73.14937,
Q6SZW1-1,724,724,1,724,199,482,84.538,86.44938,82.79679,
Q6SZW1-1,724,724,1,724,552,629,77.91375,77.6113,78.80048,
Q6SZW1-1,724,724,1,724,649,635,74.38125,77.6335,77.61288,
Q6SZW1-1,724,724,1,724,117,215,86.81428,85.89217,84.2587,
Q6SZW1-1,724,724,1,724,233,226,88.6325,86.88367,83.57123,
Q6SZW1-1,724,724,1,724,271,343,91.72625,89.40233,83.75823,
Q6SZW1-1,724,724,1,724,430,508,88.41667,87.91846,87.995,
Q6SZW1-1,724,724,1,724,527,350,92.80667,90.85759,84.56945,
Q6UB35-1,907,907,72,978,302,231,21.57,22.62429,40.96042,
Q6UB35-1,907,907,72,978,814,743,97.2575,96.47409,90.84132,
Q6UB35-1,907,907,72,978,291,220,69.412,71.26074,75.89,
Q6UB35-1,907,907,72,978,828,757,93.66111,93.72828,89.82188,
Q6ZWJ1-1,553,553,1,553,553,544,27.35,28.20429,29.954,
Q756Z6,522,522,1,522,334,334,71.88429,72.47417,82.84782,
Q75WT9,286,286,1,286,208,208,95.68833,95.50913,93.915,
Q76KY5,327,327,1,327,106,106,91.78167,94.24,94.31639,
Q76KY5,327,327,1,327,327,106,93.10333,94.85815,94.37258,
Q7L576-1,1253,1253,1,1253,1253,98,70.30166,71.21555,76.34789,
Q7L8A9-1,239,239,60,298,169,110,96.38429,96.2525,94.70556,
Q7RTV0,110,110,1,110,26,26,89.69714,88.18727,78.606,
Q7TMU1,659,659,1,659,481,481,94.27375,93.97,89.31279,
Q7Z3C6-1,696,696,21,716,433,413,76.852,75.45923,69.4743,
Q7Z3C6-1,696,696,21,716,331,311,84.99,82.1925,79.88967,
Q7Z3C6-1,696,696,21,716,178,158,80.114,73.55059,74.16625,
Q7Z3E2,855,855,44,898,145,102,39.305,40.191,38.845,
Q7Z3E2,855,855,44,898,507,464,87.67,87.13,86.79815,
Q7Z3K3-1,1410,1410,1,1410,1410,1257,72.40143,72.15952,71.99858,
Q7Z4H7-1,955,955,1,955,955,743,26.51333,25.99857,25.62789,
Q7Z6M4,381,321,1,321,69,69,29.17667,30.918,30.67538,
Q7Z6M4,381,321,1,321,182,182,87.376,89.43118,92.08442,
Q7Z6M4,381,321,1,321,183,183,88.24375,89.87905,92.15838,
Q83883,1789,1764,26,1789,1269,1269,23.68333,26.98143,34.73182,
Q83883,1789,1764,26,1789,1183,1183,24.23333,24.11364,27.32417,
Q84XA1,181,181,1,181,25,25,95.08857,92.75194,90.40291,
Q86SQ7-1,713,713,1,713,713,604,86.92857,87.23615,86.92121,
Q86TN4-1,195,195,30,224,147,118,91.48375,92.749,92.86431,
Q86V25-1,310,310,46,355,158,113,95.16,94.98913,88.37065,
Q86Z02-1,1210,1210,1,1210,1210,1024,25.15,27.008,26.38,
Q89ZI2,737,737,1,737,737,299,95.95375,95.48956,93.80824,
Q89ZI2,737,737,1,737,737,571,57.3525,69.51526,83.40022,
Q8GED7,239,239,1,239,37,37,83.77166,86.76176,90.8893,
Q8GED7,239,239,1,239,239,37,85.19833,87.71294,90.65252,
Q8I6U4,484,484,1,484,484,285,95.18125,93.35147,91.46101,
Q8I6U4,484,484,1,484,342,357,81.915,82.89941,89.93,
Q8I6U4,484,484,1,484,362,472,91.96714,90.9628,92.16472,
Q8I6U4,484,484,1,484,411,282,89.4775,88.33045,91.61898,
Q8I6U4,484,484,1,484,316,323,87.0875,87.25037,90.86529,
Q8IIL0,492,492,1,492,492,293,92.83857,90.5,90.20916,
Q8IIL0,492,492,1,492,350,365,86.664,83.45882,88.57014,
Q8IIL0,492,492,1,492,370,419,86.64429,86.59444,90.1541,
Q8IIL0,492,492,1,492,480,331,84.23375,85.0212,88.13405,
Q8IIL0,492,492,1,492,324,290,86.6,85.22409,89.59427,
Q8IUQ4-1,282,260,23,282,282,282,94.0325,95.34727,94.8634,
Q8IUQ4-1,282,260,23,282,98,98,93.07143,92.2872,87.61165,
Q8IUQ4-1,282,260,23,282,105,105,92.06143,91.45529,88.69319,
Q8IUQ4-1,282,260,23,282,256,256,92.94667,92.74375,92.00963,
Q8IUQ4-1,282,260,23,282,135,135,82.25,84.12,89.35864,
Q8IUS5,362,362,1,362,287,287,68.8675,75.95909,88.97107,
Q8IUS5,362,362,1,362,146,146,92.00857,92.63714,92.26069,
Q8IV20,430,430,1,430,20,20,54.38714,55.25947,61.13173,
Q8IV38,441,441,1,441,441,277,89.235,91.12,87.20284,
Q8IV38,441,441,1,441,205,227,95.1875,94.36208,90.79232,
Q8IVU3-1,1022,1022,1,1022,1022,557,78.69714,76.51833,82.24053,
Q8IWB1,547,547,1,547,547,280,34.9975,42.12333,57.4358,
Q8IWV7-1,1749,1749,1,1749,1603,1603,80.89286,80.81667,79.4538,
Q8IWV7-1,1749,1749,1,1749,1369,1369,61.45,59.11182,55.38824,
Q8IWV7-1,1749,1749,1,1749,336,336,75.81143,75.00565,68.92478,
Q8IWV7-1,1749,1749,1,1749,1685,1685,78.72833,71.443,67.20207,
Q8IWV7-1,1749,1749,1,1749,574,574,69.02167,70.81933,73.99193,
Q8IWV7-1,1749,1749,1,1749,872,872,74.225,73.6325,76.98888,
Q8IWV7-1,1749,1749,1,1749,1200,1200,28.46429,27.33385,40.27866,
Q8IWV7-1,1749,1749,1,1749,1197,1197,28.165,27.63636,43.2833,
Q8IWV7-1,1749,1749,1,1749,339,339,73.0525,73.90435,71.84705,
Q8IWV7-1,1749,1749,1,1749,1577,1577,63.38428,59.03063,63.65681,
Q8IYQ7,743,743,1,743,277,277,89.174,90.75857,92.50832,
Q8IYQ7,743,743,1,743,81,81,89.625,89.10647,84.29975,
Q8IYQ7,743,743,1,743,532,532,90.24,91.6037,91.43772,
Q8IYQ7,743,743,1,743,82,82,91.4675,91.75053,87.84654,
Q8IZ73-1,545,545,1,545,431,431,57.785,65.83632,78.47127,
Q8IZ73-1,545,545,1,545,344,344,93.155,90.71947,89.73348,
Q8MNY2,340,340,1,340,117,117,96.34667,94.79343,92.31159,
Q8N300,35,35,32,66,58,27,92.03571,92.06818,88.88591,
Q8N5C6-1,995,995,1,995,294,294,83.07333,83.34778,81.77387,
Q8N5C6-1,995,995,1,995,912,912,78.05167,79.08429,84.6137,
Q8N8R5,385,385,1,385,385,219,27.835,27.33429,28.722,
Q8NB16-1,471,471,1,471,471,86,51.38,55.06538,72.54206,
Q8NB16-1,471,471,1,471,448,437,85.0,88.854,90.48646,
Q8NB16-1,471,471,1,471,28,24,74.25333,73.76208,75.1858,
Q8NCA5,518,518,1,518,518,292,41.91333,44.239,69.02649,
Q8NFW8-1,392,392,43,434,364,322,91.89,91.07563,88.07584,
Q8NFW8-1,392,392,43,434,380,338,93.49875,93.41143,89.27982,
Q8NFW8-1,392,392,43,434,341,299,90.21571,88.13375,87.93134,
Q8NFW8-1,392,392,43,434,405,363,89.95375,90.47704,88.02978,
Q8PDX2,338,338,1,338,338,123,93.46555,93.8675,95.17069,
Q8PDX2,338,338,1,338,114,185,95.69444,95.73333,95.00655,
Q8RTE3,492,492,1,492,492,20,52.5575,66.05455,71.17932,
Q8TBC3-1,627,627,1,627,550,550,62.475,66.16889,61.46296,
Q8TDN2,545,545,1,545,545,202,87.60714,86.27286,77.64746,
Q8TDY2-1,1594,1594,1,1594,60,60,25.70667,25.79625,44.96753,
Q8TDY2-1,1594,1594,1,1594,572,572,48.55,52.49455,56.63227,
Q8TDY2-1,1594,1594,1,1594,81,81,28.235,29.42909,52.84333,
Q8TDY2-1,1594,1594,1,1594,52,52,25.09333,25.1675,44.2393,
Q8TDY2-1,1594,1594,1,1594,946,946,55.72857,53.6275,53.31256,
Q8TDY2-1,1594,1594,1,1594,1058,1058,68.09222,67.50333,63.84974,
Q8TDY2-1,1594,1594,1,1594,1236,1236,48.27444,48.70867,51.3784,
Q8TDY2-1,1594,1594,1,1594,379,379,80.84375,79.9263,74.96,
Q8TEA7-1,893,893,1,893,702,702,83.27,84.19692,74.56904,
Q8TEA7-1,893,893,1,893,353,353,45.372,46.54667,56.24515,
Q8TEA7-1,893,893,1,893,54,54,89.97286,87.20148,79.8451,
Q8VK10,70,70,1,70,60,60,97.48143,97.21476,95.53211,
Q8WTW3,980,980,1,980,980,87,65.70444,65.39714,59.89655,
Q8WUM4-1,831,831,1,831,90,90,83.18667,85.95167,88.22921,
Q8WUQ7-1,618,618,141,758,699,559,72.0175,70.73588,65.74114,
Q8WXE1-1,734,734,58,791,577,520,75.6,72.87,75.05652,
Q8WXE1-1,734,734,58,791,74,17,37.07,45.30778,52.50684,
Q8X123,293,293,1,293,215,215,95.47143,94.64136,93.35607,
Q8ZQB5,613,613,1,613,526,526,91.054,92.18042,92.48935,
Q92556-1,727,727,1,727,438,438,74.135,82.9625,91.14479,
Q92556-1,727,727,1,727,622,622,77.618,79.57045,80.21546,
Q92564-1,292,292,1,292,219,219,94.02429,93.37438,94.63,
Q92625-1,1078,1078,1,1078,651,651,25.15667,26.51833,26.30846,
Q92625-1,1078,1078,1,1078,633,633,23.37,26.748,26.92,
Q92791,437,380,1,380,101,101,69.14714,67.60308,65.73,
Q93009-1,1064,1064,39,1102,223,185,84.71875,84.19857,82.17206,
Q93009-1,1064,1064,39,1102,510,472,64.60571,73.19952,79.76618,
Q93009-1,1064,1064,39,1102,300,262,85.54286,87.42684,86.54108,
Q93009-1,1064,1064,39,1102,799,761,88.5,85.61708,83.6582,
Q95PM0,450,450,1,450,150,150,95.51,94.05912,93.46659,
Q969E2-1,229,229,1,229,229,20,54.8275,55.1325,75.24542,
Q96D53-1,544,544,1,544,293,293,95.29428,92.3913,87.48736,
Q96DC9-1,234,234,1,234,234,51,95.29454,94.49731,94.19197,
Q96DC9-1,234,234,1,234,13,164,96.356,96.86619,95.79292,
Q96DE5,110,81,30,110,55,55,75.65222,73.89214,66.53114,
Q96E14-1,127,127,21,147,95,75,81.90667,88.0219,92.5272,
Q96EP0-1,1072,1072,1,1072,885,885,60.9925,58.85182,65.66198,
Q96EP0-1,1072,1072,1,1072,702,702,76.228,69.73333,68.53044,
Q96EP0-1,1072,1072,1,1072,719,719,72.15,72.9596,73.78133,
Q96EP0-1,1072,1072,1,1072,916,916,61.91167,64.44875,69.61661,
Q96EP0-1,1072,1072,1,1072,717,717,69.385,71.83733,74.50863,
Q96EP0-1,1072,1072,1,1072,699,699,76.545,75.20333,70.52619,
Q96EP0-1,1072,1072,1,1072,841,841,74.68,75.09947,71.84,
Q96EP0-1,1072,1072,1,1072,898,898,70.741,70.73833,65.16973,
Q96EP0-1,1072,1072,1,1072,911,911,68.132,66.43789,68.85383,
Q96EP0-1,1072,1072,1,1072,901,901,69.95333,67.32292,66.76333,
Q96F07-1,1278,1278,1,1278,1278,223,84.00625,84.39143,80.78,
Q96FC7-1,376,376,1,376,63,63,88.98375,85.99,85.12168,
Q96GG9,259,259,1,259,115,115,92.0775,94.00889,94.99351,
Q96GG9,259,259,1,259,29,29,87.29,85.3444,80.8879,
Q96GG9,259,259,1,259,131,131,93.77111,90.2775,89.86711,
Q96GM8-1,467,467,24,490,80,57,91.33333,89.64667,85.36939,
Q96GM8-1,467,467,24,490,89,66,95.40143,94.85875,92.24505,
Q96H55-1,970,970,1,970,755,755,70.52375,69.72714,68.19786,
Q96H55-1,970,970,1,970,764,764,75.24143,75.80308,59.99597,
Q96H55-1,970,970,1,970,767,767,77.74857,77.62,58.76585,
Q96HW7-1,963,963,1,963,963,926,26.3,27.71125,63.3082,
Q96LA8-1,337,337,39,375,50,12,85.29167,86.69533,90.34633,
Q96LA8-1,337,337,39,375,229,191,91.17,91.07308,92.66167,
Q96LA8-1,337,337,39,375,221,183,93.612,92.76091,92.20175,
Q96N67-1,1891,1891,250,2140,1944,1695,65.3,65.467,62.22159,
Q96N67-1,1891,1891,250,2140,1902,1653,57.4,60.085,65.26489,
Q96N67-1,1891,1891,250,2140,358,109,23.57667,25.265,26.78422,
Q96N67-1,1891,1891,250,2140,1550,1301,63.24875,65.89636,66.05964,
Q96N67-1,1891,1891,250,2140,1554,1305,73.98556,72.25375,68.28583,
Q96N67-1,1891,1891,250,2140,1764,1515,37.238,48.13929,58.03098,
Q96N67-1,1891,1891,250,2140,1517,1268,65.71333,65.14437,63.70696,
Q96N67-1,1891,1891,250,2140,996,747,72.385,72.15823,70.16257,
Q96N67-1,1891,1891,250,2140,1527,1278,76.97143,75.05667,72.01934,
Q96N67-1,1891,1891,250,2140,1710,1461,70.16,66.90538,60.73964,
Q96N67-1,1891,1891,250,2140,523,274,21.99,22.36,24.30467,
Q96Q05-1,1148,1148,1,1148,800,800,63.344,62.45765,66.91377,
Q96Q05-1,1148,1148,1,1148,904,904,72.51125,72.20636,69.53071,
Q96Q05-1,1148,1148,1,1148,179,179,79.714,78.92,83.66136,
Q96Q05-1,1148,1148,1,1148,141,141,85.28429,87.37875,86.36457,
Q96Q05-1,1148,1148,1,1148,86,86,84.53571,84.45846,83.80789,
Q96Q89-1,1820,1820,1,1820,1820,1642,30.16667,30.37333,30.3725,
Q96QE3-1,1844,1844,1,1844,1844,890,27.94667,28.83286,29.22406,
Q96QU8-1,1125,1125,1,1125,299,299,29.5,32.12111,57.90295,
Q96SI9-1,672,672,1,672,142,142,90.58143,91.96412,89.69505,
Q96SI9-1,672,672,1,672,247,247,92.47222,92.24296,87.7569,
Q96SI9-1,672,672,1,672,40,40,93.68,92.55438,82.35876,
Q96SI9-1,672,672,1,672,463,463,28.175,45.51818,69.63889,
Q96SW2-1,397,397,46,442,219,174,60.17429,60.18636,57.54815,
Q96SW2-1,397,397,46,442,287,242,92.51,91.08727,89.32645,
Q96SW2-1,397,397,46,442,322,277,93.212,93.51391,90.80378,
Q96SW2-1,397,397,46,442,441,396,28.74667,43.6975,69.59088,
Q96SW2-1,397,397,46,442,326,281,91.67,93.83,90.88565,
Q96SW2-1,397,397,46,442,78,33,96.174,95.33611,93.05803,
Q96SW2-1,397,397,46,442,318,273,86.97625,88.43316,86.81685,
Q96T76-1,1030,1030,1,1030,819,819,89.64286,90.32692,90.88472,
Q96T76-1,1030,1030,1,1030,356,356,86.095,86.69,87.72027,
Q96T76-1,1030,1030,1,1030,119,119,87.69333,88.07,88.72906,
Q96T76-8,1051,1051,1,1051,306,306,92.47889,92.78379,90.51654,
Q96T76-8,1051,1051,1,1051,307,307,91.93,91.90739,89.5745,
Q97VW7,151,151,1,151,119,119,96.97833,95.82481,94.59008,
Q98VG9-1,299,299,2904,3202,3047,144,90.29875,90.64034,90.04007,
Q99497,189,189,1,189,106,106,97.575,97.30033,97.63945,
Q99497,189,189,1,189,189,119,96.22833,96.81937,97.19482,
Q99816-1,390,390,1,390,73,73,97.34,96.46292,93.55528,
Q99AU2,570,570,2420,2989,2785,366,64.10333,82.96412,86.2345,
Q99ZN4,249,249,1,249,249,208,84.52167,82.89222,86.58985,
Q9BQ24-1,234,234,1,234,234,88,85.03571,83.797,83.94108,
Q9BRF8-1,314,314,1,314,54,54,86.91857,90.53389,93.25422,
Q9BRF8-1,314,314,1,314,143,143,95.512,95.53,91.37968,
Q9BRJ7-1,211,211,1,211,88,88,76.81333,85.25429,91.54263,
Q9BRJ7-1,211,211,1,211,28,28,94.49333,93.81077,90.58344,
Q9BRR6-1,497,497,1,497,497,40,44.76833,45.13778,55.78729,
Q9BSY4-1,110,110,1,110,110,44,71.83625,71.87167,70.58413,
Q9BTC8-1,594,594,1,594,532,532,54.9775,53.95667,48.07826,
Q9BTC8-1,594,594,1,594,379,379,85.781,83.92125,72.1357,
Q9BTC8-1,594,594,1,594,212,212,56.54,57.82154,67.39186,
Q9BTC8-1,594,594,1,594,382,382,85.276,81.01,74.40036,
Q9BTC8-1,594,594,1,594,406,406,89.04111,86.138,78.86241,
Q9BTE3-1,642,642,1,642,642,636,56.45,59.369,79.69462,
Q9BVA6,458,458,1,458,404,404,88.97429,88.14905,82.30533,
Q9BVA6,458,458,1,458,458,404,89.43714,88.22773,82.58985,
Q9BWU1-1,358,358,1,358,349,349,77.8,81.13636,86.67629,
Q9BWU1-1,358,358,1,358,25,25,80.212,76.83286,84.73962,
Q9BWU1-1,358,358,1,358,64,64,82.81143,83.53571,82.25389,
Q9BX63-1,1249,1249,1,1249,1190,1190,25.30667,24.71,25.4125,
Q9BX63-1,1249,1249,1,1249,761,761,83.56875,85.46481,84.29209,
Q9BX63-1,1249,1249,1,1249,1164,1164,25.16667,25.532,42.44842,
Q9BX63-1,1249,1249,1,1249,214,214,26.3,28.13857,27.941,
Q9BX63-1,1249,1249,1,1249,283,283,86.31333,84.00115,76.03571,
Q9BX63-1,1249,1249,1,1249,125,125,21.68667,22.598,23.684,
Q9BX63-1,1249,1249,1,1249,332,332,53.39,61.34467,78.11959,
Q9BX63-1,1249,1249,1,1249,401,401,90.74286,89.4945,88.66049,
Q9BXW7-1,423,423,1,423,392,392,75.43667,74.31,80.72793,
Q9BXW7-1,423,423,1,423,258,258,93.94428,92.992,87.92029,
Q9BZF9-1,1392,1392,25,1416,994,970,38.675,40.67167,47.185,
Q9BZF9-1,1392,1392,25,1416,212,188,84.56125,85.80619,79.38206,
Q9BZF9-1,1392,1392,25,1416,125,101,81.06,80.71947,81.87775,
Q9BZF9-1,1392,1392,25,1416,208,184,86.53556,85.85533,84.92266,
Q9BZM4,244,244,1,244,244,130,84.7275,85.55952,81.29232,
Q9C0F1-1,390,390,1,390,28,28,92.00167,83.13471,82.37381,
Q9C0F1-1,390,390,1,390,244,244,89.03714,88.42846,70.58727,
Q9C0I1-1,747,747,1,747,152,152,84.73286,83.91091,77.65145,
Q9C0I1-1,747,747,1,747,212,212,92.27714,90.5,86.22151,
Q9C0I1-1,747,747,1,747,433,433,88.25857,87.12208,84.28268,
Q9FD71,383,383,1,383,111,111,88.92667,91.80129,93.30751,
Q9GZP4-1,211,211,1,211,211,187,36.736,36.76222,44.54278,
Q9GZX7-1,198,198,1,198,116,116,58.296,70.93667,87.23039,
Q9GZX7-1,198,198,1,198,30,30,96.62286,95.70304,91.31752,
Q9GZX7-1,198,198,1,198,55,55,88.56,91.415,89.72851,
Q9GZY0,626,626,1,626,626,18,24.12667,24.415,25.335,
Q9H0R6-1,528,528,1,528,528,512,59.8225,71.64316,81.6871,
Q9H0V1-1,697,697,1,697,326,326,81.82111,77.69636,77.71361,
Q9H1E5,349,349,1,349,349,64,90.66,91.33077,89.51545,
Q9H4L7-1,944,944,83,1026,951,869,76.98,79.56667,74.643,
Q9H4L7-1,944,944,83,1026,106,24,24.94667,26.5,26.154,
Q9H4L7-1,944,944,83,1026,445,363,71.05286,70.016,64.64455,
Q9H4L7-1,944,944,83,1026,741,659,92.3125,91.95286,85.75491,
Q9H6U6-1,928,928,1,928,928,618,70.10714,70.37478,70.58324,
Q9H7B4-1,428,428,1,428,186,186,89.70428,90.29227,91.1474,
Q9H7B4-1,428,428,1,428,421,421,96.68,96.39346,95.65783,
Q9HAU0-1,1024,1024,1,1024,643,643,91.29571,88.9375,81.69522,
Q9HAU0-1,1024,1024,1,1024,473,473,25.96333,26.54667,26.304,
Q9HAU0-1,1024,1024,1,1024,891,891,26.00333,26.308,28.125,
Q9HAV7,217,217,1,217,124,124,87.924,87.206,88.12431,
Q9HAW0-1,419,419,1,419,419,168,76.9,78.56714,84.59552,
Q9HBM0-1,779,779,1,779,779,242,32.105,31.89125,40.5468,
Q9HCC0-1,563,563,1,563,216,216,90.6175,90.68571,93.02835,
Q9HCS7,809,809,1,809,260,260,84.0,84.72808,81.74676,
Q9HCS7,809,809,1,809,437,437,85.08143,84.74182,83.16116,
Q9HCS7,809,809,1,809,225,225,81.0075,80.36571,80.17966,
Q9I0Y7,472,472,1,472,472,26,73.455,76.09533,85.54527,
Q9I4E3,254,254,1,254,254,249,93.62375,92.1212,93.92477,
Q9I4E3,254,254,1,254,74,70,95.736,95.361,94.44449,
Q9I4E3,254,254,1,254,45,205,94.58857,93.91214,94.03905,
Q9KS12,209,209,3442,3650,3581,140,88.32167,87.50577,88.74304,
Q9M6U3,461,461,1,461,117,117,87.28444,89.28909,92.00028,
Q9N6S8,484,484,1,484,285,285,93.13428,90.78636,89.89835,
Q9NAW4,492,492,1,492,293,293,93.11429,91.53372,90.6223,
Q9NDD3,307,307,1,307,189,189,91.92667,93.224,94.82171,
Q9NQ11-1,1180,1180,1,1180,1180,365,64.92857,64.62,68.30876,
Q9NQ36-1,999,999,1,999,999,442,51.11375,47.67273,38.82074,
Q9NQ88,270,270,1,270,114,114,89.774,93.84867,92.45649,
Q9NQ89,552,552,1,552,55,55,85.914,86.382,86.56156,
Q9NQ89,552,552,1,552,353,353,85.69833,86.73808,83.59632,
Q9NQ89,552,552,1,552,350,350,87.67,88.228,86.75558,
Q9NQR1-1,393,393,1,393,311,311,76.99,77.15625,76.82026,
Q9NQX3-1,736,736,1,736,419,419,93.412,93.37,93.61605,
Q9NQX3-1,736,736,1,736,469,469,95.99833,95.28667,93.08091,
Q9NQX3-1,736,736,1,736,74,74,92.57143,93.4876,90.31358,
Q9NQX3-1,736,736,1,736,154,154,89.28,86.1032,87.1507,
Q9NRG0,131,108,1,108,55,55,96.0075,95.92231,92.23594,
Q9NUJ3,449,449,61,509,495,435,88.16857,88.19056,85.74981,
Q9NUW8-1,507,507,102,608,413,312,90.55,87.32056,90.72254,
Q9NVM9-1,706,706,1,706,349,349,87.36875,82.73824,81.45625,
Q9NVM9-1,706,706,1,706,406,406,35.3,38.49556,45.64219,
Q9NVM9-1,706,706,1,706,119,119,75.445,81.44583,91.43533,
Q9NVM9-1,706,706,1,706,120,120,79.03625,86.0485,92.58551,
Q9NVM9-1,706,706,1,706,178,178,96.85714,96.2225,93.73075,
Q9NVM9-1,706,706,1,706,556,556,86.57143,83.92444,79.20403,
Q9NVU0-1,708,708,1,708,708,553,33.0225,39.03778,67.87049,
Q9NXV6,580,580,1,580,516,516,90.425,90.00174,84.81977,
Q9NYK5-1,338,338,1,338,133,133,85.70667,88.69444,89.51517,
Q9NYK5-1,338,338,1,338,152,152,94.89286,94.66304,92.43523,
Q9NYK6-1,297,297,1,297,297,281,51.82,57.25778,61.93952,
Q9NYV4-1,762,762,704,1465,1039,336,86.21667,84.2108,83.02034,
Q9NYV4-1,762,762,704,1465,723,20,78.96667,73.4479,76.55934,
Q9P253,973,973,1,973,806,806,53.49571,53.79182,57.70659,
Q9P253,973,973,1,973,445,445,87.70333,88.16348,85.22956,
Q9P253,973,973,1,973,522,522,84.64286,84.35214,82.24,
Q9P2H5-1,1018,1018,1,1018,1018,62,76.635,74.46905,71.13866,
Q9P2J8-1,865,865,1,865,865,542,57.0075,55.64882,55.27469,
Q9P2S5,460,460,1,460,288,288,30.74667,32.165,38.67357,
Q9P2S5,460,460,1,460,26,26,94.34111,94.18185,93.55574,
Q9P2S5,460,460,1,460,98,98,95.588,95.31304,93.67865,
Q9P2S5,460,460,1,460,191,191,93.326,94.55786,94.3688,
Q9P2T1-1,348,348,1,348,186,186,81.74875,83.33542,90.04328,
Q9P2T1-1,348,348,1,348,222,222,91.80167,93.36679,92.23919,
Q9P2Y5-1,675,675,25,699,239,215,95.41857,95.52846,91.80069,
Q9P2Y5-1,675,675,25,699,342,318,84.07333,85.22187,79.95989,
Q9RQJ2,556,556,1,556,556,351,92.67222,91.735,89.52262,
Q9RQJ2,556,556,1,556,397,387,87.34,88.2345,91.15682,
Q9RQJ2,556,556,1,556,276,116,98.195,97.87143,96.01214,
Q9UBB4-1,475,475,1,475,283,283,91.89286,92.62478,88.47484,
Q9UBB4-1,475,475,1,475,405,405,79.55,80.28688,81.19398,
Q9UBD5-1,711,711,1,711,711,711,27.64667,45.41143,65.04667,
Q9UBD5-1,711,711,1,711,141,141,73.305,75.41842,68.71733,
Q9UBD5-1,711,711,1,711,281,281,69.226,67.73526,71.25306,
Q9UBD5-1,711,711,1,711,272,272,76.30286,74.51105,71.68491,
Q9UBT2-1,550,550,1,550,30,30,91.08444,90.40724,86.57293,
Q9UBT2-1,550,550,1,550,173,173,39.68429,43.73687,70.4892,
Q9UBT2-1,550,550,1,550,413,413,94.23833,94.11826,91.81475,
Q9UBT2-1,550,550,1,550,129,129,93.77667,93.7237,90.94736,
Q9UBX1,484,484,1,484,295,295,94.29429,91.65667,89.01409,
Q9UBX1,484,484,1,484,484,419,77.7,81.16,89.53591,
Q9UDY8-1,797,797,28,824,464,437,87.2875,88.47889,88.4506,
Q9UDY8-1,797,797,28,824,230,203,88.338,75.72333,83.85978,
Q9UDY8-1,797,797,28,824,591,564,91.162,88.4875,83.64172,
Q9UGL1-1,1544,1544,1,1544,725,725,84.9225,85.47231,87.2754,
Q9UGL1-1,1544,1544,1,1544,574,574,94.112,94.20143,89.07298,
Q9UGL1-2,1580,1580,1,1580,516,516,77.56429,78.79737,78.25813,
Q9UGL1-2,1580,1580,1,1580,661,661,72.345,79.57706,80.71846,
Q9UGR2,977,977,1,977,557,557,29.82333,32.31727,34.32437,
Q9UGR2,977,977,1,977,700,700,32.66,30.23625,30.36558,
Q9UGR2,977,977,1,977,576,576,24.374,24.6175,31.38222,
Q9UGR2,977,977,1,977,403,403,24.59667,25.44571,28.23639,
Q9UGR2,977,977,1,977,617,617,22.06667,22.974,29.17104,
Q9UGR2,977,977,1,977,760,760,46.415,46.29938,49.95735,
Q9UGR2,977,977,1,977,977,956,31.51333,40.34727,57.70775,
Q9UIG0-1,1483,1483,1,1483,1483,953,24.23333,25.36286,25.63211,
Q9UK53-1,422,422,1,422,216,216,89.03429,89.08579,80.64367,
Q9ULG1,1498,1498,1,1498,108,108,25.81667,26.38333,38.35741,
Q9ULG1,1498,1498,1,1498,1049,1049,24.23333,24.34667,25.2968,
Q9ULG1,1498,1498,1,1498,965,965,26.87,25.68286,24.19762,
Q9ULG1,1498,1498,1,1498,314,314,58.78667,57.97867,46.67562,
Q9ULQ0-1,786,786,49,834,222,174,91.936,91.9,92.53283,
Q9ULV3-1,858,858,1,858,848,848,48.96857,47.0075,41.11964,
Q9ULV3-1,858,858,1,858,819,819,86.52375,84.65643,74.5307,
Q9ULV3-1,858,858,1,858,252,252,29.97,31.53833,29.8,
Q9ULW8,664,664,1,664,664,646,80.09778,82.56518,87.84686,
Q9ULW8,664,664,1,664,611,610,92.135,94.12417,94.50185,
Q9ULW8,664,664,1,664,564,547,96.89143,95.38167,92.93798,
Q9ULW8,664,664,1,664,506,496,98.09,98.02316,95.03359,
Q9ULW8,664,664,1,664,332,318,90.23,90.01857,87.29606,
Q9ULW8,664,664,1,664,612,311,85.865,80.27607,85.54664,
Q9ULW8,664,664,1,664,223,337,85.855,79.78217,84.27934,
Q9ULW8,664,664,1,664,651,628,97.6575,97.09409,94.29729,
Q9ULW8,664,664,1,664,19,217,84.3425,85.2325,89.07256,
Q9ULW8,664,664,1,664,173,167,85.586,85.99,88.75043,
Q9ULW8,664,664,1,664,161,154,87.83333,89.16222,88.57806,
Q9ULW8,664,664,1,664,125,121,90.73143,89.43241,89.83805,
Q9UM07,663,663,1,663,645,645,89.27889,89.51462,91.02335,
Q9UPU5,2452,2452,123,2574,2160,2038,24.121,24.09259,23.11379,
Q9UPU5,2452,2452,123,2574,1859,1737,40.45,38.7825,31.41079,
Q9UPU5,2452,2452,123,2574,1202,1080,20.13,20.09462,20.98661,
Q9UPU5,2452,2452,123,2574,679,557,21.36667,22.52455,21.77577,
Q9UPU5,2452,2452,123,2574,1580,1458,19.94333,20.96625,21.04087,
Q9UPU5,2452,2452,123,2574,2229,2107,23.66,24.89,23.69683,
Q9UPU5,2452,2452,123,2574,1556,1434,20.04,20.03077,20.55795,
Q9UPU5,2452,2452,123,2574,873,751,25.3075,24.11125,22.99667,
Q9UPU5,2452,2452,123,2574,995,873,20.99333,21.56,21.31649,
Q9UPU7-1,933,933,31,963,726,696,80.49,83.78,80.50292,
Q9UPU7-1,933,933,31,963,65,35,82.2425,82.06524,71.42977,
Q9UPU7-1,933,933,31,963,536,506,72.2975,71.5425,58.86809,
Q9UPU7-1,933,933,31,963,142,112,69.21143,69.69267,61.85817,
Q9Y2W6-2,561,561,1,561,109,109,81.97143,81.82474,68.8767,
Q9Y2W6-2,561,561,1,561,160,160,80.72,80.10278,80.62583,
Q9Y2W6-2,561,561,1,561,540,540,23.35667,23.72286,54.54568,
Q9Y3C1-1,147,147,32,178,36,5,91.18667,90.85,87.63623,
Q9Y3D2,182,182,1,182,105,105,93.28,94.54846,94.1171,
Q9Y496,662,662,1,662,621,621,54.224,59.04778,62.89061,
Q9Y4D7-1,654,654,1272,1925,1363,92,58.52,66.015,81.07963,
Q9Y4F9-1,1068,1068,1,1068,35,35,25.32333,26.03857,56.90257,
Q9Y4F9-1,1068,1068,1,1068,147,147,90.33,88.92937,81.95623,
Q9Y4F9-1,1068,1068,1,1068,218,218,27.9,27.00083,33.29902,
Q9Y4W2-1,734,734,1,734,256,256,58.29286,52.84941,55.18355,
T2B9U0,306,306,3248,3553,3395,148,86.37429,87.84308,88.49858,
V9GYU2,107,107,1,107,107,72,67.58,65.2275,60.95424,
W0DW89,541,541,1,541,44,44,94.17,93.71957,92.53962,
W0DW89,541,541,1,541,47,47,93.94571,92.89,93.27626,
W0DW89,541,541,1,541,144,144,86.36572,87.28,85.73766,
W0DW89,541,541,1,541,147,147,85.44833,83.19625,85.20612,
W0DW89,541,541,1,541,310,310,87.23286,88.1404,85.11694,
W0DW89,541,541,1,541,313,313,85.01,84.70182,85.28503,
W0DW89,541,541,1,541,425,425,84.10857,84.77368,85.02685,
W0DW89,541,541,1,541,428,428,83.02333,82.933,84.95055,
